Country,Isocode,Year,Services_trade_restrictiveness_index_(Idx),Electronic_transactions_(Sub-Idx),Infrastructure_and_connectivity_(Sub-Idx),Intellectual_property_rights_(Sub-Idx,Other_barriers_affecting_trade_in_digitally_enabled_services_(Sub-Idx),Payment_system_(Sub-Idx),Source
Albania,ALB,2014,0.1006,0.0212,0.0793,0.0000,0.0000,0.0000,OECD
Albania,ALB,2015,0.1006,0.0212,0.0793,0.0000,0.0000,0.0000,OECD
Albania,ALB,2016,0.1006,0.0212,0.0793,0.0000,0.0000,0.0000,OECD
Albania,ALB,2017,0.1006,0.0212,0.0793,0.0000,0.0000,0.0000,OECD
Albania,ALB,2018,0.0609,0.0212,0.0397,0.0000,0.0000,0.0000,OECD
Albania,ALB,2019,0.0609,0.0212,0.0397,0.0000,0.0000,0.0000,OECD
Albania,ALB,2020,0.0609,0.0212,0.0397,0.0000,0.0000,0.0000,OECD
Albania,ALB,2021,0.0609,0.0212,0.0397,0.0000,0.0000,0.0000,OECD
Albania,ALB,2022,0.0609,0.0212,0.0397,0.0000,0.0000,0.0000,OECD
Albania,ALB,2023,0.0609,0.0212,0.0397,0.0000,0.0000,0.0000,OECD
Argentina,ARG,2014,0.2812,0.0425,0.1984,0.0000,0.0220,0.0184,OECD
Argentina,ARG,2015,0.2600,0.0212,0.1984,0.0000,0.0220,0.0184,OECD
Argentina,ARG,2016,0.2416,0.0212,0.1984,0.0000,0.0220,0.0000,OECD
Argentina,ARG,2017,0.2416,0.0212,0.1984,0.0000,0.0220,0.0000,OECD
Argentina,ARG,2018,0.2812,0.0212,0.2380,0.0000,0.0220,0.0000,OECD
Argentina,ARG,2019,0.2812,0.0212,0.2380,0.0000,0.0220,0.0000,OECD
Argentina,ARG,2020,0.2996,0.0212,0.2380,0.0000,0.0220,0.0184,OECD
Argentina,ARG,2021,0.2996,0.0212,0.2380,0.0000,0.0220,0.0184,OECD
Argentina,ARG,2022,0.2996,0.0212,0.2380,0.0000,0.0220,0.0184,OECD
Argentina,ARG,2023,0.2996,0.0212,0.2380,0.0000,0.0220,0.0184,OECD
Australia,AUS,2014,0.0212,0.0212,0.0000,0.0000,0.0000,0.0000,OECD
Australia,AUS,2015,0.0212,0.0212,0.0000,0.0000,0.0000,0.0000,OECD
Australia,AUS,2016,0.0212,0.0212,0.0000,0.0000,0.0000,0.0000,OECD
Australia,AUS,2017,0.0212,0.0212,0.0000,0.0000,0.0000,0.0000,OECD
Australia,AUS,2018,0.0212,0.0212,0.0000,0.0000,0.0000,0.0000,OECD
Australia,AUS,2019,0.0212,0.0212,0.0000,0.0000,0.0000,0.0000,OECD
Australia,AUS,2020,0.0212,0.0212,0.0000,0.0000,0.0000,0.0000,OECD
Australia,AUS,2021,0.0212,0.0212,0.0000,0.0000,0.0000,0.0000,OECD
Australia,AUS,2022,0.0212,0.0212,0.0000,0.0000,0.0000,0.0000,OECD
Australia,AUS,2023,0.0212,0.0212,0.0000,0.0000,0.0000,0.0000,OECD
Austria,AUT,2014,0.0432,0.0212,0.0000,0.0000,0.0220,0.0000,OECD
Austria,AUT,2015,0.0432,0.0212,0.0000,0.0000,0.0220,0.0000,OECD
Austria,AUT,2016,0.0432,0.0212,0.0000,0.0000,0.0220,0.0000,OECD
Austria,AUT,2017,0.1622,0.0212,0.1190,0.0000,0.0220,0.0000,OECD
Austria,AUT,2018,0.1622,0.0212,0.1190,0.0000,0.0220,0.0000,OECD
Austria,AUT,2019,0.1622,0.0212,0.1190,0.0000,0.0220,0.0000,OECD
Austria,AUT,2020,0.1622,0.0212,0.1190,0.0000,0.0220,0.0000,OECD
Austria,AUT,2021,0.1622,0.0212,0.1190,0.0000,0.0220,0.0000,OECD
Austria,AUT,2022,0.1622,0.0212,0.1190,0.0000,0.0220,0.0000,OECD
Austria,AUT,2023,0.1622,0.0212,0.1190,0.0000,0.0220,0.0000,OECD
Belgium,BEL,2014,0.1006,0.0212,0.0793,0.0000,0.0000,0.0000,OECD
Belgium,BEL,2015,0.1006,0.0212,0.0793,0.0000,0.0000,0.0000,OECD
Belgium,BEL,2016,0.1006,0.0212,0.0793,0.0000,0.0000,0.0000,OECD
Belgium,BEL,2017,0.1006,0.0212,0.0793,0.0000,0.0000,0.0000,OECD
Belgium,BEL,2018,0.1225,0.0212,0.0793,0.0000,0.0220,0.0000,OECD
Belgium,BEL,2019,0.1225,0.0212,0.0793,0.0000,0.0220,0.0000,OECD
Belgium,BEL,2020,0.1225,0.0212,0.0793,0.0000,0.0220,0.0000,OECD
Belgium,BEL,2021,0.1225,0.0212,0.0793,0.0000,0.0220,0.0000,OECD
Belgium,BEL,2022,0.1225,0.0212,0.0793,0.0000,0.0220,0.0000,OECD
Belgium,BEL,2023,0.1225,0.0212,0.0793,0.0000,0.0220,0.0000,OECD
Benin,BEN,2014,0.0212,0.0212,0.0000,0.0000,0.0000,0.0000,OECD
Benin,BEN,2015,0.0396,0.0212,0.0000,0.0000,0.0000,0.0184,OECD
Benin,BEN,2016,0.0396,0.0212,0.0000,0.0000,0.0000,0.0184,OECD
Benin,BEN,2017,0.0396,0.0212,0.0000,0.0000,0.0000,0.0184,OECD
Benin,BEN,2018,0.0184,0.0000,0.0000,0.0000,0.0000,0.0184,OECD
Benin,BEN,2019,0.0184,0.0000,0.0000,0.0000,0.0000,0.0184,OECD
Benin,BEN,2020,0.0184,0.0000,0.0000,0.0000,0.0000,0.0184,OECD
Benin,BEN,2021,0.0184,0.0000,0.0000,0.0000,0.0000,0.0184,OECD
Benin,BEN,2022,0.0184,0.0000,0.0000,0.0000,0.0000,0.0184,OECD
Benin,BEN,2023,0.0184,0.0000,0.0000,0.0000,0.0000,0.0184,OECD
Bolivia,BOL,2014,0.2812,0.0212,0.2380,0.0000,0.0220,0.0000,OECD
Bolivia,BOL,2015,0.2812,0.0212,0.2380,0.0000,0.0220,0.0000,OECD
Bolivia,BOL,2016,0.2812,0.0212,0.2380,0.0000,0.0220,0.0000,OECD
Bolivia,BOL,2017,0.2812,0.0212,0.2380,0.0000,0.0220,0.0000,OECD
Bolivia,BOL,2018,0.2812,0.0212,0.2380,0.0000,0.0220,0.0000,OECD
Bolivia,BOL,2019,0.2812,0.0212,0.2380,0.0000,0.0220,0.0000,OECD
Bolivia,BOL,2020,0.2812,0.0212,0.2380,0.0000,0.0220,0.0000,OECD
Bolivia,BOL,2021,0.2812,0.0212,0.2380,0.0000,0.0220,0.0000,OECD
Bolivia,BOL,2022,0.2812,0.0212,0.2380,0.0000,0.0220,0.0000,OECD
Bolivia,BOL,2023,0.2812,0.0212,0.2380,0.0000,0.0220,0.0000,OECD
Bosnia and Herzegovina,BIH,2014,0.3606,0.0212,0.3174,0.0000,0.0220,0.0000,OECD
Bosnia and Herzegovina,BIH,2015,0.3606,0.0212,0.3174,0.0000,0.0220,0.0000,OECD
Bosnia and Herzegovina,BIH,2016,0.3606,0.0212,0.3174,0.0000,0.0220,0.0000,OECD
Bosnia and Herzegovina,BIH,2017,0.3606,0.0212,0.3174,0.0000,0.0220,0.0000,OECD
Bosnia and Herzegovina,BIH,2018,0.3606,0.0212,0.3174,0.0000,0.0220,0.0000,OECD
Bosnia and Herzegovina,BIH,2019,0.3606,0.0212,0.3174,0.0000,0.0220,0.0000,OECD
Bosnia and Herzegovina,BIH,2020,0.3606,0.0212,0.3174,0.0000,0.0220,0.0000,OECD
Bosnia and Herzegovina,BIH,2021,0.3606,0.0212,0.3174,0.0000,0.0220,0.0000,OECD
Bosnia and Herzegovina,BIH,2022,0.3606,0.0212,0.3174,0.0000,0.0220,0.0000,OECD
Bosnia and Herzegovina,BIH,2023,0.3606,0.0212,0.3174,0.0000,0.0220,0.0000,OECD
Brazil,BRA,2014,0.2845,0.0425,0.1984,0.0216,0.0220,0.0000,OECD
Brazil,BRA,2015,0.2845,0.0425,0.1984,0.0216,0.0220,0.0000,OECD
Brazil,BRA,2016,0.3241,0.0425,0.2380,0.0216,0.0220,0.0000,OECD
Brazil,BRA,2017,0.3241,0.0425,0.2380,0.0216,0.0220,0.0000,OECD
Brazil,BRA,2018,0.2228,0.0425,0.1587,0.0216,0.0000,0.0000,OECD
Brazil,BRA,2019,0.2228,0.0425,0.1587,0.0216,0.0000,0.0000,OECD
Brazil,BRA,2020,0.1435,0.0425,0.0793,0.0216,0.0000,0.0000,OECD
Brazil,BRA,2021,0.1435,0.0425,0.0793,0.0216,0.0000,0.0000,OECD
Brazil,BRA,2022,0.1435,0.0425,0.0793,0.0216,0.0000,0.0000,OECD
Brazil,BRA,2023,0.1435,0.0425,0.0793,0.0216,0.0000,0.0000,OECD
Brunei Darussalam,BRN,2014,0.2713,0.0425,0.1190,0.0000,0.1098,0.0000,OECD
Brunei Darussalam,BRN,2015,0.2713,0.0425,0.1190,0.0000,0.1098,0.0000,OECD
Brunei Darussalam,BRN,2016,0.2713,0.0425,0.1190,0.0000,0.1098,0.0000,OECD
Brunei Darussalam,BRN,2017,0.2713,0.0425,0.1190,0.0000,0.1098,0.0000,OECD
Brunei Darussalam,BRN,2018,0.2713,0.0425,0.1190,0.0000,0.1098,0.0000,OECD
Brunei Darussalam,BRN,2019,0.2713,0.0425,0.1190,0.0000,0.1098,0.0000,OECD
Brunei Darussalam,BRN,2020,0.2713,0.0425,0.1190,0.0000,0.1098,0.0000,OECD
Brunei Darussalam,BRN,2021,0.2713,0.0425,0.1190,0.0000,0.1098,0.0000,OECD
Brunei Darussalam,BRN,2022,0.2713,0.0425,0.1190,0.0000,0.1098,0.0000,OECD
Brunei Darussalam,BRN,2023,0.2713,0.0425,0.1190,0.0000,0.1098,0.0000,OECD
Cambodia,KHM,2014,0.4434,0.1062,0.2380,0.0000,0.0439,0.0552,OECD
Cambodia,KHM,2015,0.4830,0.1062,0.2777,0.0000,0.0439,0.0552,OECD
Cambodia,KHM,2016,0.4830,0.1062,0.2777,0.0000,0.0439,0.0552,OECD
Cambodia,KHM,2017,0.4646,0.1062,0.2777,0.0000,0.0439,0.0368,OECD
Cambodia,KHM,2018,0.5263,0.1062,0.3174,0.0000,0.0659,0.0368,OECD
Cambodia,KHM,2019,0.4044,0.0637,0.2380,0.0000,0.0659,0.0368,OECD
Cambodia,KHM,2020,0.4051,0.0425,0.2380,0.0000,0.0878,0.0368,OECD
Cambodia,KHM,2021,0.4051,0.0425,0.2380,0.0000,0.0878,0.0368,OECD
Cambodia,KHM,2022,0.4051,0.0425,0.2380,0.0000,0.0878,0.0368,OECD
Cambodia,KHM,2023,0.4051,0.0425,0.2380,0.0000,0.0878,0.0368,OECD
Cameroon,CMR,2014,0.2710,0.0425,0.1190,0.0216,0.0878,0.0000,OECD
Cameroon,CMR,2015,0.2710,0.0425,0.1190,0.0216,0.0878,0.0000,OECD
Cameroon,CMR,2016,0.2710,0.0425,0.1190,0.0216,0.0878,0.0000,OECD
Cameroon,CMR,2017,0.2710,0.0425,0.1190,0.0216,0.0878,0.0000,OECD
Cameroon,CMR,2018,0.2681,0.0212,0.1190,0.0216,0.0878,0.0184,OECD
Cameroon,CMR,2019,0.3085,0.0212,0.1190,0.0216,0.1098,0.0368,OECD
Cameroon,CMR,2020,0.2873,0.0000,0.1190,0.0216,0.1098,0.0368,OECD
Cameroon,CMR,2021,0.2873,0.0000,0.1190,0.0216,0.1098,0.0368,OECD
Cameroon,CMR,2022,0.2873,0.0000,0.1190,0.0216,0.1098,0.0368,OECD
Cameroon,CMR,2023,0.2873,0.0000,0.1190,0.0216,0.1098,0.0368,OECD
Canada,CAN,2014,0.0212,0.0212,0.0000,0.0000,0.0000,0.0000,OECD
Canada,CAN,2015,0.0212,0.0212,0.0000,0.0000,0.0000,0.0000,OECD
Canada,CAN,2016,0.0212,0.0212,0.0000,0.0000,0.0000,0.0000,OECD
Canada,CAN,2017,0.0000,0.0000,0.0000,0.0000,0.0000,0.0000,OECD
Canada,CAN,2018,0.0000,0.0000,0.0000,0.0000,0.0000,0.0000,OECD
Canada,CAN,2019,0.0000,0.0000,0.0000,0.0000,0.0000,0.0000,OECD
Canada,CAN,2020,0.0000,0.0000,0.0000,0.0000,0.0000,0.0000,OECD
Canada,CAN,2021,0.0000,0.0000,0.0000,0.0000,0.0000,0.0000,OECD
Canada,CAN,2022,0.0000,0.0000,0.0000,0.0000,0.0000,0.0000,OECD
Canada,CAN,2023,0.0000,0.0000,0.0000,0.0000,0.0000,0.0000,OECD
Chile,CHL,2014,0.2625,0.0425,0.1984,0.0216,0.0000,0.0000,OECD
Chile,CHL,2015,0.2625,0.0425,0.1984,0.0216,0.0000,0.0000,OECD
Chile,CHL,2016,0.2625,0.0425,0.1984,0.0216,0.0000,0.0000,OECD
Chile,CHL,2017,0.2625,0.0425,0.1984,0.0216,0.0000,0.0000,OECD
Chile,CHL,2018,0.2625,0.0425,0.1984,0.0216,0.0000,0.0000,OECD
Chile,CHL,2019,0.2625,0.0425,0.1984,0.0216,0.0000,0.0000,OECD
Chile,CHL,2020,0.2625,0.0425,0.1984,0.0216,0.0000,0.0000,OECD
Chile,CHL,2021,0.2625,0.0425,0.1984,0.0216,0.0000,0.0000,OECD
Chile,CHL,2022,0.2625,0.0425,0.1984,0.0216,0.0000,0.0000,OECD
Chile,CHL,2023,0.2625,0.0425,0.1984,0.0216,0.0000,0.0000,OECD
China (People's Republic of),CHN,2015,0.2238,0.0425,0.1190,0.0000,0.0439,0.0184,OECD
China (People's Republic of),CHN,2016,0.2642,0.0425,0.1190,0.0000,0.0659,0.0368,OECD
China (People's Republic of),CHN,2017,0.3258,0.0425,0.1587,0.0000,0.0878,0.0368,OECD
China (People's Republic of),CHN,2018,0.3471,0.0425,0.1984,0.0000,0.0878,0.0184,OECD
China (People's Republic of),CHN,2019,0.3471,0.0425,0.1984,0.0000,0.0878,0.0184,OECD
China (People's Republic of),CHN,2020,0.3471,0.0425,0.1984,0.0000,0.0878,0.0184,OECD
China (People's Republic of),CHN,2021,0.3471,0.0425,0.1984,0.0000,0.0878,0.0184,OECD
China (People's Republic of),CHN,2022,0.3471,0.0425,0.1984,0.0000,0.0878,0.0184,OECD
China (People's Republic of),CHN,2023,0.3471,0.0425,0.1984,0.0000,0.0878,0.0184,OECD
China (People's Republic of),CHN,2014,0.2238,0.0425,0.1190,0.0000,0.0439,0.0184,OECD
Colombia,COL,2014,0.2593,0.0212,0.2380,0.0000,0.0000,0.0000,OECD
Colombia,COL,2015,0.2593,0.0212,0.2380,0.0000,0.0000,0.0000,OECD
Colombia,COL,2016,0.2593,0.0212,0.2380,0.0000,0.0000,0.0000,OECD
Colombia,COL,2017,0.2593,0.0212,0.2380,0.0000,0.0000,0.0000,OECD
Colombia,COL,2018,0.2593,0.0212,0.2380,0.0000,0.0000,0.0000,OECD
Colombia,COL,2019,0.2593,0.0212,0.2380,0.0000,0.0000,0.0000,OECD
Colombia,COL,2020,0.2593,0.0212,0.2380,0.0000,0.0000,0.0000,OECD
Colombia,COL,2021,0.2593,0.0212,0.2380,0.0000,0.0000,0.0000,OECD
Colombia,COL,2022,0.2593,0.0212,0.2380,0.0000,0.0000,0.0000,OECD
Colombia,COL,2023,0.2593,0.0212,0.2380,0.0000,0.0000,0.0000,OECD
Costa Rica,CRI,2014,0.0425,0.0425,0.0000,0.0000,0.0000,0.0000,OECD
Costa Rica,CRI,2015,0.0425,0.0425,0.0000,0.0000,0.0000,0.0000,OECD
Costa Rica,CRI,2016,0.0425,0.0425,0.0000,0.0000,0.0000,0.0000,OECD
Costa Rica,CRI,2017,0.0425,0.0425,0.0000,0.0000,0.0000,0.0000,OECD
Costa Rica,CRI,2018,0.0425,0.0425,0.0000,0.0000,0.0000,0.0000,OECD
Costa Rica,CRI,2019,0.0425,0.0425,0.0000,0.0000,0.0000,0.0000,OECD
Costa Rica,CRI,2020,0.0425,0.0425,0.0000,0.0000,0.0000,0.0000,OECD
Costa Rica,CRI,2021,0.0425,0.0425,0.0000,0.0000,0.0000,0.0000,OECD
Costa Rica,CRI,2022,0.0425,0.0425,0.0000,0.0000,0.0000,0.0000,OECD
Costa Rica,CRI,2023,0.0425,0.0425,0.0000,0.0000,0.0000,0.0000,OECD
Czechia,CZE,2014,0.1013,0.0212,0.0397,0.0000,0.0220,0.0184,OECD
Czechia,CZE,2015,0.1013,0.0212,0.0397,0.0000,0.0220,0.0184,OECD
Czechia,CZE,2016,0.1013,0.0212,0.0397,0.0000,0.0220,0.0184,OECD
Czechia,CZE,2017,0.1013,0.0212,0.0397,0.0000,0.0220,0.0184,OECD
Czechia,CZE,2018,0.1232,0.0212,0.0397,0.0000,0.0439,0.0184,OECD
Czechia,CZE,2019,0.1232,0.0212,0.0397,0.0000,0.0439,0.0184,OECD
Czechia,CZE,2020,0.1232,0.0212,0.0397,0.0000,0.0439,0.0184,OECD
Czechia,CZE,2021,0.1232,0.0212,0.0397,0.0000,0.0439,0.0184,OECD
Czechia,CZE,2022,0.1232,0.0212,0.0397,0.0000,0.0439,0.0184,OECD
Czechia,CZE,2023,0.1232,0.0212,0.0397,0.0000,0.0439,0.0184,OECD
Denmark,DNK,2014,0.0821,0.0425,0.0397,0.0000,0.0000,0.0000,OECD
Denmark,DNK,2015,0.0425,0.0425,0.0000,0.0000,0.0000,0.0000,OECD
Denmark,DNK,2016,0.0425,0.0425,0.0000,0.0000,0.0000,0.0000,OECD
Denmark,DNK,2017,0.0425,0.0425,0.0000,0.0000,0.0000,0.0000,OECD
Denmark,DNK,2018,0.0644,0.0425,0.0000,0.0000,0.0220,0.0000,OECD
Denmark,DNK,2019,0.0644,0.0425,0.0000,0.0000,0.0220,0.0000,OECD
Denmark,DNK,2020,0.0644,0.0425,0.0000,0.0000,0.0220,0.0000,OECD
Denmark,DNK,2021,0.0644,0.0425,0.0000,0.0000,0.0220,0.0000,OECD
Denmark,DNK,2022,0.0644,0.0425,0.0000,0.0000,0.0220,0.0000,OECD
Denmark,DNK,2023,0.0644,0.0425,0.0000,0.0000,0.0220,0.0000,OECD
Dominican Republic,DOM,2014,0.0184,0.0000,0.0000,0.0000,0.0000,0.0184,OECD
Dominican Republic,DOM,2015,0.0404,0.0000,0.0000,0.0000,0.0220,0.0184,OECD
Dominican Republic,DOM,2016,0.0404,0.0000,0.0000,0.0000,0.0220,0.0184,OECD
Dominican Republic,DOM,2017,0.0404,0.0000,0.0000,0.0000,0.0220,0.0184,OECD
Dominican Republic,DOM,2018,0.0404,0.0000,0.0000,0.0000,0.0220,0.0184,OECD
Dominican Republic,DOM,2019,0.0404,0.0000,0.0000,0.0000,0.0220,0.0184,OECD
Dominican Republic,DOM,2020,0.0404,0.0000,0.0000,0.0000,0.0220,0.0184,OECD
Dominican Republic,DOM,2021,0.0404,0.0000,0.0000,0.0000,0.0220,0.0184,OECD
Dominican Republic,DOM,2022,0.0404,0.0000,0.0000,0.0000,0.0220,0.0184,OECD
Dominican Republic,DOM,2023,0.0404,0.0000,0.0000,0.0000,0.0220,0.0184,OECD
Ecuador,ECU,2014,0.0644,0.0425,0.0000,0.0000,0.0220,0.0000,OECD
Ecuador,ECU,2015,0.0644,0.0425,0.0000,0.0000,0.0220,0.0000,OECD
Ecuador,ECU,2016,0.0644,0.0425,0.0000,0.0000,0.0220,0.0000,OECD
Ecuador,ECU,2017,0.0432,0.0212,0.0000,0.0000,0.0220,0.0000,OECD
Ecuador,ECU,2018,0.0432,0.0212,0.0000,0.0000,0.0220,0.0000,OECD
Ecuador,ECU,2019,0.0432,0.0212,0.0000,0.0000,0.0220,0.0000,OECD
Ecuador,ECU,2020,0.0432,0.0212,0.0000,0.0000,0.0220,0.0000,OECD
Ecuador,ECU,2021,0.0432,0.0212,0.0000,0.0000,0.0220,0.0000,OECD
Ecuador,ECU,2022,0.0432,0.0212,0.0000,0.0000,0.0220,0.0000,OECD
Ecuador,ECU,2023,0.0432,0.0212,0.0000,0.0000,0.0220,0.0000,OECD
El Salvador,SLV,2014,0.0641,0.0425,0.0000,0.0216,0.0000,0.0000,OECD
El Salvador,SLV,2015,0.0429,0.0212,0.0000,0.0216,0.0000,0.0000,OECD
El Salvador,SLV,2016,0.0429,0.0212,0.0000,0.0216,0.0000,0.0000,OECD
El Salvador,SLV,2017,0.0429,0.0212,0.0000,0.0216,0.0000,0.0000,OECD
El Salvador,SLV,2018,0.0429,0.0212,0.0000,0.0216,0.0000,0.0000,OECD
El Salvador,SLV,2019,0.0429,0.0212,0.0000,0.0216,0.0000,0.0000,OECD
El Salvador,SLV,2020,0.0429,0.0212,0.0000,0.0216,0.0000,0.0000,OECD
El Salvador,SLV,2021,0.0429,0.0212,0.0000,0.0216,0.0000,0.0000,OECD
El Salvador,SLV,2022,0.0429,0.0212,0.0000,0.0216,0.0000,0.0000,OECD
El Salvador,SLV,2023,0.0429,0.0212,0.0000,0.0216,0.0000,0.0000,OECD
Estonia,EST,2014,0.0212,0.0212,0.0000,0.0000,0.0000,0.0000,OECD
Estonia,EST,2015,0.0212,0.0212,0.0000,0.0000,0.0000,0.0000,OECD
Estonia,EST,2016,0.0212,0.0212,0.0000,0.0000,0.0000,0.0000,OECD
Estonia,EST,2017,0.0212,0.0212,0.0000,0.0000,0.0000,0.0000,OECD
Estonia,EST,2018,0.0432,0.0212,0.0000,0.0000,0.0220,0.0000,OECD
Estonia,EST,2019,0.0432,0.0212,0.0000,0.0000,0.0220,0.0000,OECD
Estonia,EST,2020,0.0432,0.0212,0.0000,0.0000,0.0220,0.0000,OECD
Estonia,EST,2021,0.0432,0.0212,0.0000,0.0000,0.0220,0.0000,OECD
Estonia,EST,2022,0.0432,0.0212,0.0000,0.0000,0.0220,0.0000,OECD
Estonia,EST,2023,0.0432,0.0212,0.0000,0.0000,0.0220,0.0000,OECD
Eswatini,SWZ,2014,0.2509,0.0849,0.0793,0.0866,0.0000,0.0000,OECD
Eswatini,SWZ,2015,0.2509,0.0849,0.0793,0.0866,0.0000,0.0000,OECD
Eswatini,SWZ,2016,0.2700,0.0425,0.1190,0.0866,0.0220,0.0000,OECD
Eswatini,SWZ,2017,0.2700,0.0425,0.1190,0.0866,0.0220,0.0000,OECD
Eswatini,SWZ,2018,0.2051,0.0425,0.1190,0.0216,0.0220,0.0000,OECD
Eswatini,SWZ,2019,0.2051,0.0425,0.1190,0.0216,0.0220,0.0000,OECD
Eswatini,SWZ,2020,0.2051,0.0425,0.1190,0.0216,0.0220,0.0000,OECD
Eswatini,SWZ,2021,0.3468,0.0425,0.1984,0.0216,0.0659,0.0184,OECD
Eswatini,SWZ,2022,0.3468,0.0425,0.1984,0.0216,0.0659,0.0184,OECD
Eswatini,SWZ,2023,0.3468,0.0425,0.1984,0.0216,0.0659,0.0184,OECD
Ethiopia,ETH,2014,0.5812,0.0637,0.3967,0.0216,0.0439,0.0552,OECD
Ethiopia,ETH,2015,0.5812,0.0637,0.3967,0.0216,0.0439,0.0552,OECD
Ethiopia,ETH,2016,0.5812,0.0637,0.3967,0.0216,0.0439,0.0552,OECD
Ethiopia,ETH,2017,0.5812,0.0637,0.3967,0.0216,0.0439,0.0552,OECD
Ethiopia,ETH,2018,0.5600,0.0425,0.3967,0.0216,0.0439,0.0552,OECD
Ethiopia,ETH,2019,0.2823,0.0425,0.1190,0.0216,0.0439,0.0552,OECD
Ethiopia,ETH,2020,0.3042,0.0425,0.1190,0.0216,0.0659,0.0552,OECD
Ethiopia,ETH,2021,0.3042,0.0425,0.1190,0.0216,0.0659,0.0552,OECD
Ethiopia,ETH,2022,0.3042,0.0425,0.1190,0.0216,0.0659,0.0552,OECD
Ethiopia,ETH,2023,0.3042,0.0425,0.1190,0.0216,0.0659,0.0552,OECD
Finland,FIN,2014,0.0396,0.0212,0.0000,0.0000,0.0000,0.0184,OECD
Finland,FIN,2015,0.0396,0.0212,0.0000,0.0000,0.0000,0.0184,OECD
Finland,FIN,2016,0.0396,0.0212,0.0000,0.0000,0.0000,0.0184,OECD
Finland,FIN,2017,0.0396,0.0212,0.0000,0.0000,0.0000,0.0184,OECD
Finland,FIN,2018,0.0616,0.0212,0.0000,0.0000,0.0220,0.0184,OECD
Finland,FIN,2019,0.0616,0.0212,0.0000,0.0000,0.0220,0.0184,OECD
Finland,FIN,2020,0.0616,0.0212,0.0000,0.0000,0.0220,0.0184,OECD
Finland,FIN,2021,0.0835,0.0212,0.0000,0.0000,0.0439,0.0184,OECD
Finland,FIN,2022,0.0835,0.0212,0.0000,0.0000,0.0439,0.0184,OECD
Finland,FIN,2023,0.0835,0.0212,0.0000,0.0000,0.0439,0.0184,OECD
France,FRA,2014,0.0828,0.0425,0.0000,0.0000,0.0220,0.0184,OECD
France,FRA,2015,0.0828,0.0425,0.0000,0.0000,0.0220,0.0184,OECD
France,FRA,2016,0.0828,0.0425,0.0000,0.0000,0.0220,0.0184,OECD
France,FRA,2017,0.0828,0.0425,0.0000,0.0000,0.0220,0.0184,OECD
France,FRA,2018,0.1048,0.0425,0.0000,0.0000,0.0439,0.0184,OECD
France,FRA,2019,0.1048,0.0425,0.0000,0.0000,0.0439,0.0184,OECD
France,FRA,2020,0.1048,0.0425,0.0000,0.0000,0.0439,0.0184,OECD
France,FRA,2021,0.1048,0.0425,0.0000,0.0000,0.0439,0.0184,OECD
France,FRA,2022,0.1048,0.0425,0.0000,0.0000,0.0439,0.0184,OECD
France,FRA,2023,0.1048,0.0425,0.0000,0.0000,0.0439,0.0184,OECD
Gambia,GMB,2014,0.1587,0.0212,0.1190,0.0000,0.0000,0.0184,OECD
Gambia,GMB,2015,0.1587,0.0212,0.1190,0.0000,0.0000,0.0184,OECD
Gambia,GMB,2016,0.1587,0.0212,0.1190,0.0000,0.0000,0.0184,OECD
Gambia,GMB,2017,0.1587,0.0212,0.1190,0.0000,0.0000,0.0184,OECD
Gambia,GMB,2018,0.1190,0.0212,0.0793,0.0000,0.0000,0.0184,OECD
Gambia,GMB,2019,0.1190,0.0212,0.0793,0.0000,0.0000,0.0184,OECD
Gambia,GMB,2020,0.1190,0.0212,0.0793,0.0000,0.0000,0.0184,OECD
Gambia,GMB,2021,0.1190,0.0212,0.0793,0.0000,0.0000,0.0184,OECD
Gambia,GMB,2022,0.1190,0.0212,0.0793,0.0000,0.0000,0.0184,OECD
Gambia,GMB,2023,0.1190,0.0212,0.0793,0.0000,0.0000,0.0184,OECD
Germany,DEU,2014,0.0821,0.0425,0.0397,0.0000,0.0000,0.0000,OECD
Germany,DEU,2015,0.0821,0.0425,0.0397,0.0000,0.0000,0.0000,OECD
Germany,DEU,2016,0.0821,0.0425,0.0397,0.0000,0.0000,0.0000,OECD
Germany,DEU,2017,0.0821,0.0425,0.0397,0.0000,0.0000,0.0000,OECD
Germany,DEU,2018,0.1041,0.0425,0.0397,0.0000,0.0220,0.0000,OECD
Germany,DEU,2019,0.1041,0.0425,0.0397,0.0000,0.0220,0.0000,OECD
Germany,DEU,2020,0.1041,0.0425,0.0397,0.0000,0.0220,0.0000,OECD
Germany,DEU,2021,0.0829,0.0212,0.0397,0.0000,0.0220,0.0000,OECD
Germany,DEU,2022,0.0829,0.0212,0.0397,0.0000,0.0220,0.0000,OECD
Germany,DEU,2023,0.0829,0.0212,0.0397,0.0000,0.0220,0.0000,OECD
Greece,GRC,2014,0.1225,0.0212,0.0793,0.0000,0.0220,0.0000,OECD
Greece,GRC,2015,0.1225,0.0212,0.0793,0.0000,0.0220,0.0000,OECD
Greece,GRC,2016,0.1225,0.0212,0.0793,0.0000,0.0220,0.0000,OECD
Greece,GRC,2017,0.1225,0.0212,0.0793,0.0000,0.0220,0.0000,OECD
Greece,GRC,2018,0.1445,0.0212,0.0793,0.0000,0.0439,0.0000,OECD
Greece,GRC,2019,0.1445,0.0212,0.0793,0.0000,0.0439,0.0000,OECD
Greece,GRC,2020,0.1445,0.0212,0.0793,0.0000,0.0439,0.0000,OECD
Greece,GRC,2021,0.1445,0.0212,0.0793,0.0000,0.0439,0.0000,OECD
Greece,GRC,2022,0.1445,0.0212,0.0793,0.0000,0.0439,0.0000,OECD
Greece,GRC,2023,0.1445,0.0212,0.0793,0.0000,0.0439,0.0000,OECD
Guatemala,GTM,2014,0.1445,0.0212,0.0793,0.0000,0.0439,0.0000,OECD
Guatemala,GTM,2015,0.1445,0.0212,0.0793,0.0000,0.0439,0.0000,OECD
Guatemala,GTM,2016,0.1445,0.0212,0.0793,0.0000,0.0439,0.0000,OECD
Guatemala,GTM,2017,0.1445,0.0212,0.0793,0.0000,0.0439,0.0000,OECD
Guatemala,GTM,2018,0.1445,0.0212,0.0793,0.0000,0.0439,0.0000,OECD
Guatemala,GTM,2019,0.1445,0.0212,0.0793,0.0000,0.0439,0.0000,OECD
Guatemala,GTM,2020,0.1445,0.0212,0.0793,0.0000,0.0439,0.0000,OECD
Guatemala,GTM,2021,0.1445,0.0212,0.0793,0.0000,0.0439,0.0000,OECD
Guatemala,GTM,2022,0.1445,0.0212,0.0793,0.0000,0.0439,0.0000,OECD
Guatemala,GTM,2023,0.1445,0.0212,0.0793,0.0000,0.0439,0.0000,OECD
Honduras,HND,2014,0.1013,0.0000,0.0793,0.0000,0.0220,0.0000,OECD
Honduras,HND,2015,0.1013,0.0000,0.0793,0.0000,0.0220,0.0000,OECD
Honduras,HND,2016,0.1013,0.0000,0.0793,0.0000,0.0220,0.0000,OECD
Honduras,HND,2017,0.1013,0.0000,0.0793,0.0000,0.0220,0.0000,OECD
Honduras,HND,2018,0.1013,0.0000,0.0793,0.0000,0.0220,0.0000,OECD
Honduras,HND,2019,0.1013,0.0000,0.0793,0.0000,0.0220,0.0000,OECD
Honduras,HND,2020,0.1013,0.0000,0.0793,0.0000,0.0220,0.0000,OECD
Honduras,HND,2021,0.1013,0.0000,0.0793,0.0000,0.0220,0.0000,OECD
Honduras,HND,2022,0.1013,0.0000,0.0793,0.0000,0.0220,0.0000,OECD
Honduras,HND,2023,0.1013,0.0000,0.0793,0.0000,0.0220,0.0000,OECD
Hungary,HUN,2014,0.1041,0.0425,0.0397,0.0000,0.0220,0.0000,OECD
Hungary,HUN,2015,0.1041,0.0425,0.0397,0.0000,0.0220,0.0000,OECD
Hungary,HUN,2016,0.1041,0.0425,0.0397,0.0000,0.0220,0.0000,OECD
Hungary,HUN,2017,0.1041,0.0425,0.0397,0.0000,0.0220,0.0000,OECD
Hungary,HUN,2018,0.1261,0.0425,0.0397,0.0000,0.0439,0.0000,OECD
Hungary,HUN,2019,0.1261,0.0425,0.0397,0.0000,0.0439,0.0000,OECD
Hungary,HUN,2020,0.1261,0.0425,0.0397,0.0000,0.0439,0.0000,OECD
Hungary,HUN,2021,0.1261,0.0425,0.0397,0.0000,0.0439,0.0000,OECD
Hungary,HUN,2022,0.1261,0.0425,0.0397,0.0000,0.0439,0.0000,OECD
Hungary,HUN,2023,0.1261,0.0425,0.0397,0.0000,0.0439,0.0000,OECD
Iceland,ISL,2014,0.1084,0.0212,0.0000,0.0433,0.0439,0.0000,OECD
Iceland,ISL,2015,0.1084,0.0212,0.0000,0.0433,0.0439,0.0000,OECD
Iceland,ISL,2016,0.1084,0.0212,0.0000,0.0433,0.0439,0.0000,OECD
Iceland,ISL,2017,0.2275,0.0212,0.1190,0.0433,0.0439,0.0000,OECD
Iceland,ISL,2018,0.2275,0.0212,0.1190,0.0433,0.0439,0.0000,OECD
Iceland,ISL,2019,0.2275,0.0212,0.1190,0.0433,0.0439,0.0000,OECD
Iceland,ISL,2020,0.2275,0.0212,0.1190,0.0433,0.0439,0.0000,OECD
Iceland,ISL,2021,0.2275,0.0212,0.1190,0.0433,0.0439,0.0000,OECD
Iceland,ISL,2022,0.2275,0.0212,0.1190,0.0433,0.0439,0.0000,OECD
Iceland,ISL,2023,0.2275,0.0212,0.1190,0.0433,0.0439,0.0000,OECD
India,IND,2014,0.1990,0.0425,0.0793,0.0000,0.0220,0.0552,OECD
India,IND,2015,0.1990,0.0425,0.0793,0.0000,0.0220,0.0552,OECD
India,IND,2016,0.2429,0.0425,0.0793,0.0000,0.0659,0.0552,OECD
India,IND,2017,0.2826,0.0425,0.1190,0.0000,0.0659,0.0552,OECD
India,IND,2018,0.2826,0.0425,0.1190,0.0000,0.0659,0.0552,OECD
India,IND,2019,0.2826,0.0425,0.1190,0.0000,0.0659,0.0552,OECD
India,IND,2020,0.2826,0.0425,0.1190,0.0000,0.0659,0.0552,OECD
India,IND,2021,0.2826,0.0425,0.1190,0.0000,0.0659,0.0552,OECD
India,IND,2022,0.2826,0.0425,0.1190,0.0000,0.0659,0.0552,OECD
India,IND,2023,0.2826,0.0425,0.1190,0.0000,0.0659,0.0552,OECD
Indonesia,IDN,2014,0.3067,0.0637,0.1587,0.0000,0.0659,0.0184,OECD
Indonesia,IDN,2015,0.3067,0.0637,0.1587,0.0000,0.0659,0.0184,OECD
Indonesia,IDN,2016,0.3067,0.0637,0.1587,0.0000,0.0659,0.0184,OECD
Indonesia,IDN,2017,0.3067,0.0637,0.1587,0.0000,0.0659,0.0184,OECD
Indonesia,IDN,2018,0.3067,0.0637,0.1587,0.0000,0.0659,0.0184,OECD
Indonesia,IDN,2019,0.3067,0.0637,0.1587,0.0000,0.0659,0.0184,OECD
Indonesia,IDN,2020,0.3067,0.0637,0.1587,0.0000,0.0659,0.0184,OECD
Indonesia,IDN,2021,0.3067,0.0637,0.1587,0.0000,0.0659,0.0184,OECD
Indonesia,IDN,2022,0.3067,0.0637,0.1587,0.0000,0.0659,0.0184,OECD
Indonesia,IDN,2023,0.3470,0.0637,0.1587,0.0000,0.0878,0.0368,OECD
Ireland,IRL,2014,0.0821,0.0425,0.0397,0.0000,0.0000,0.0000,OECD
Ireland,IRL,2015,0.0821,0.0425,0.0397,0.0000,0.0000,0.0000,OECD
Ireland,IRL,2016,0.0821,0.0425,0.0397,0.0000,0.0000,0.0000,OECD
Ireland,IRL,2017,0.0821,0.0425,0.0397,0.0000,0.0000,0.0000,OECD
Ireland,IRL,2018,0.0829,0.0212,0.0397,0.0000,0.0220,0.0000,OECD
Ireland,IRL,2019,0.0829,0.0212,0.0397,0.0000,0.0220,0.0000,OECD
Ireland,IRL,2020,0.0829,0.0212,0.0397,0.0000,0.0220,0.0000,OECD
Ireland,IRL,2021,0.0829,0.0212,0.0397,0.0000,0.0220,0.0000,OECD
Ireland,IRL,2022,0.0829,0.0212,0.0397,0.0000,0.0220,0.0000,OECD
Ireland,IRL,2023,0.0829,0.0212,0.0397,0.0000,0.0220,0.0000,OECD
Israel,ISR,2014,0.1403,0.0212,0.1190,0.0000,0.0000,0.0000,OECD
Israel,ISR,2015,0.1403,0.0212,0.1190,0.0000,0.0000,0.0000,OECD
Israel,ISR,2016,0.1403,0.0212,0.1190,0.0000,0.0000,0.0000,OECD
Israel,ISR,2017,0.1403,0.0212,0.1190,0.0000,0.0000,0.0000,OECD
Israel,ISR,2018,0.1403,0.0212,0.1190,0.0000,0.0000,0.0000,OECD
Israel,ISR,2019,0.1403,0.0212,0.1190,0.0000,0.0000,0.0000,OECD
Israel,ISR,2020,0.1403,0.0212,0.1190,0.0000,0.0000,0.0000,OECD
Israel,ISR,2021,0.1403,0.0212,0.1190,0.0000,0.0000,0.0000,OECD
Israel,ISR,2022,0.1403,0.0212,0.1190,0.0000,0.0000,0.0000,OECD
Israel,ISR,2023,0.1403,0.0212,0.1190,0.0000,0.0000,0.0000,OECD
Italy,ITA,2014,0.0644,0.0425,0.0000,0.0000,0.0220,0.0000,OECD
Italy,ITA,2015,0.0644,0.0425,0.0000,0.0000,0.0220,0.0000,OECD
Italy,ITA,2016,0.0644,0.0425,0.0000,0.0000,0.0220,0.0000,OECD
Italy,ITA,2017,0.0644,0.0425,0.0000,0.0000,0.0220,0.0000,OECD
Italy,ITA,2018,0.0864,0.0425,0.0000,0.0000,0.0439,0.0000,OECD
Italy,ITA,2019,0.0864,0.0425,0.0000,0.0000,0.0439,0.0000,OECD
Italy,ITA,2020,0.0864,0.0425,0.0000,0.0000,0.0439,0.0000,OECD
Italy,ITA,2021,0.0864,0.0425,0.0000,0.0000,0.0439,0.0000,OECD
Italy,ITA,2022,0.0864,0.0425,0.0000,0.0000,0.0439,0.0000,OECD
Italy,ITA,2023,0.0864,0.0425,0.0000,0.0000,0.0439,0.0000,OECD
Japan,JPN,2014,0.0425,0.0425,0.0000,0.0000,0.0000,0.0000,OECD
Japan,JPN,2015,0.0425,0.0425,0.0000,0.0000,0.0000,0.0000,OECD
Japan,JPN,2016,0.0425,0.0425,0.0000,0.0000,0.0000,0.0000,OECD
Japan,JPN,2017,0.0425,0.0425,0.0000,0.0000,0.0000,0.0000,OECD
Japan,JPN,2018,0.0425,0.0425,0.0000,0.0000,0.0000,0.0000,OECD
Japan,JPN,2019,0.0425,0.0425,0.0000,0.0000,0.0000,0.0000,OECD
Japan,JPN,2020,0.0425,0.0425,0.0000,0.0000,0.0000,0.0000,OECD
Japan,JPN,2021,0.0425,0.0425,0.0000,0.0000,0.0000,0.0000,OECD
Japan,JPN,2022,0.0425,0.0425,0.0000,0.0000,0.0000,0.0000,OECD
Japan,JPN,2023,0.0425,0.0425,0.0000,0.0000,0.0000,0.0000,OECD
Kazakhstan,KAZ,2014,0.1487,0.0425,0.0000,0.0000,0.0878,0.0184,OECD
Kazakhstan,KAZ,2015,0.1487,0.0425,0.0000,0.0000,0.0878,0.0184,OECD
Kazakhstan,KAZ,2016,0.1884,0.0425,0.0397,0.0000,0.0878,0.0184,OECD
Kazakhstan,KAZ,2017,0.4264,0.0425,0.2777,0.0000,0.0878,0.0184,OECD
Kazakhstan,KAZ,2018,0.4880,0.0425,0.3174,0.0000,0.1098,0.0184,OECD
Kazakhstan,KAZ,2019,0.5674,0.0425,0.3967,0.0000,0.1098,0.0184,OECD
Kazakhstan,KAZ,2020,0.5674,0.0425,0.3967,0.0000,0.1098,0.0184,OECD
Kazakhstan,KAZ,2021,0.5674,0.0425,0.3967,0.0000,0.1098,0.0184,OECD
Kazakhstan,KAZ,2022,0.5674,0.0425,0.3967,0.0000,0.1098,0.0184,OECD
Kazakhstan,KAZ,2023,0.5674,0.0425,0.3967,0.0000,0.1098,0.0184,OECD
Kenya,KEN,2014,0.1622,0.0425,0.0793,0.0000,0.0220,0.0184,OECD
Kenya,KEN,2015,0.2061,0.0425,0.0793,0.0000,0.0659,0.0184,OECD
Kenya,KEN,2016,0.2061,0.0425,0.0793,0.0000,0.0659,0.0184,OECD
Kenya,KEN,2017,0.2061,0.0425,0.0793,0.0000,0.0659,0.0184,OECD
Kenya,KEN,2018,0.2280,0.0425,0.0793,0.0000,0.0878,0.0184,OECD
Kenya,KEN,2019,0.2677,0.0425,0.1190,0.0000,0.0878,0.0184,OECD
Kenya,KEN,2020,0.2677,0.0425,0.1190,0.0000,0.0878,0.0184,OECD
Kenya,KEN,2021,0.2677,0.0425,0.1190,0.0000,0.0878,0.0184,OECD
Kenya,KEN,2022,0.2677,0.0425,0.1190,0.0000,0.0878,0.0184,OECD
Kenya,KEN,2023,0.2677,0.0425,0.1190,0.0000,0.0878,0.0184,OECD
Korea,KOR,2014,0.1983,0.0212,0.1587,0.0000,0.0000,0.0184,OECD
Korea,KOR,2015,0.1403,0.0212,0.1190,0.0000,0.0000,0.0000,OECD
Korea,KOR,2016,0.1403,0.0212,0.1190,0.0000,0.0000,0.0000,OECD
Korea,KOR,2017,0.1403,0.0212,0.1190,0.0000,0.0000,0.0000,OECD
Korea,KOR,2018,0.1403,0.0212,0.1190,0.0000,0.0000,0.0000,OECD
Korea,KOR,2019,0.1622,0.0212,0.1190,0.0000,0.0220,0.0000,OECD
Korea,KOR,2020,0.0829,0.0212,0.0397,0.0000,0.0220,0.0000,OECD
Korea,KOR,2021,0.0829,0.0212,0.0397,0.0000,0.0220,0.0000,OECD
Korea,KOR,2022,0.0829,0.0212,0.0397,0.0000,0.0220,0.0000,OECD
Korea,KOR,2023,0.0829,0.0212,0.0397,0.0000,0.0220,0.0000,OECD
Kosovo,XKX,2014,0.1403,0.0212,0.1190,0.0000,0.0000,0.0000,OECD
Kosovo,XKV,2015,0.1403,0.0212,0.1190,0.0000,0.0000,0.0000,OECD
Kosovo,XKV,2016,0.0609,0.0212,0.0397,0.0000,0.0000,0.0000,OECD
Kosovo,XKV,2017,0.0609,0.0212,0.0397,0.0000,0.0000,0.0000,OECD
Kosovo,XKV,2018,0.0609,0.0212,0.0397,0.0000,0.0000,0.0000,OECD
Kosovo,XKV,2019,0.0609,0.0212,0.0397,0.0000,0.0000,0.0000,OECD
Kosovo,XKV,2020,0.0609,0.0212,0.0397,0.0000,0.0000,0.0000,OECD
Kosovo,XKV,2021,0.0609,0.0212,0.0397,0.0000,0.0000,0.0000,OECD
Kosovo,XKV,2022,0.0609,0.0212,0.0397,0.0000,0.0000,0.0000,OECD
Kosovo,XKV,2023,0.0609,0.0212,0.0397,0.0000,0.0000,0.0000,OECD
Lao People's Democratic Republic,LAO,2015,0.5626,0.0425,0.4364,0.0433,0.0220,0.0184,OECD
Lao People's Democratic Republic,LAO,2016,0.5409,0.0425,0.4364,0.0216,0.0220,0.0184,OECD
Lao People's Democratic Republic,LAO,2017,0.5409,0.0425,0.4364,0.0216,0.0220,0.0184,OECD
Lao People's Democratic Republic,LAO,2018,0.5197,0.0212,0.4364,0.0216,0.0220,0.0184,OECD
Lao People's Democratic Republic,LAO,2019,0.5381,0.0212,0.4364,0.0216,0.0220,0.0368,OECD
Lao People's Democratic Republic,LAO,2020,0.5381,0.0212,0.4364,0.0216,0.0220,0.0368,OECD
Lao People's Democratic Republic,LAO,2021,0.5381,0.0212,0.4364,0.0216,0.0220,0.0368,OECD
Lao People's Democratic Republic,LAO,2022,0.5381,0.0212,0.4364,0.0216,0.0220,0.0368,OECD
Lao People's Democratic Republic,LAO,2023,0.5381,0.0212,0.4364,0.0216,0.0220,0.0368,OECD
Lao People's Democratic Republic,LAO,2014,0.5626,0.0425,0.4364,0.0433,0.0220,0.0184,OECD
Latvia,LVA,2014,0.0425,0.0425,0.0000,0.0000,0.0000,0.0000,OECD
Latvia,LVA,2015,0.0425,0.0425,0.0000,0.0000,0.0000,0.0000,OECD
Latvia,LVA,2016,0.0425,0.0425,0.0000,0.0000,0.0000,0.0000,OECD
Latvia,LVA,2017,0.1615,0.0425,0.1190,0.0000,0.0000,0.0000,OECD
Latvia,LVA,2018,0.1835,0.0425,0.1190,0.0000,0.0220,0.0000,OECD
Latvia,LVA,2019,0.1835,0.0425,0.1190,0.0000,0.0220,0.0000,OECD
Latvia,LVA,2020,0.1835,0.0425,0.1190,0.0000,0.0220,0.0000,OECD
Latvia,LVA,2021,0.1835,0.0425,0.1190,0.0000,0.0220,0.0000,OECD
Latvia,LVA,2022,0.1835,0.0425,0.1190,0.0000,0.0220,0.0000,OECD
Latvia,LVA,2023,0.1835,0.0425,0.1190,0.0000,0.0220,0.0000,OECD
Lesotho,LSO,2014,0.1689,0.0849,0.0000,0.0216,0.0439,0.0184,OECD
Lesotho,LSO,2015,0.1689,0.0849,0.0000,0.0216,0.0439,0.0184,OECD
Lesotho,LSO,2016,0.1689,0.0849,0.0000,0.0216,0.0439,0.0184,OECD
Lesotho,LSO,2017,0.1689,0.0849,0.0000,0.0216,0.0439,0.0184,OECD
Lesotho,LSO,2018,0.1689,0.0849,0.0000,0.0216,0.0439,0.0184,OECD
Lesotho,LSO,2019,0.1689,0.0849,0.0000,0.0216,0.0439,0.0184,OECD
Lesotho,LSO,2020,0.1689,0.0849,0.0000,0.0216,0.0439,0.0184,OECD
Lesotho,LSO,2021,0.1689,0.0849,0.0000,0.0216,0.0439,0.0184,OECD
Lesotho,LSO,2022,0.1689,0.0849,0.0000,0.0216,0.0439,0.0184,OECD
Lesotho,LSO,2023,0.1689,0.0849,0.0000,0.0216,0.0439,0.0184,OECD
Lithuania,LTU,2014,0.0425,0.0425,0.0000,0.0000,0.0000,0.0000,OECD
Lithuania,LTU,2015,0.0425,0.0425,0.0000,0.0000,0.0000,0.0000,OECD
Lithuania,LTU,2016,0.0425,0.0425,0.0000,0.0000,0.0000,0.0000,OECD
Lithuania,LTU,2017,0.0425,0.0425,0.0000,0.0000,0.0000,0.0000,OECD
Lithuania,LTU,2018,0.0644,0.0425,0.0000,0.0000,0.0220,0.0000,OECD
Lithuania,LTU,2019,0.0644,0.0425,0.0000,0.0000,0.0220,0.0000,OECD
Lithuania,LTU,2020,0.0644,0.0425,0.0000,0.0000,0.0220,0.0000,OECD
Lithuania,LTU,2021,0.0644,0.0425,0.0000,0.0000,0.0220,0.0000,OECD
Lithuania,LTU,2022,0.0644,0.0425,0.0000,0.0000,0.0220,0.0000,OECD
Lithuania,LTU,2023,0.0644,0.0425,0.0000,0.0000,0.0220,0.0000,OECD
Luxembourg,LUX,2014,0.0212,0.0212,0.0000,0.0000,0.0000,0.0000,OECD
Luxembourg,LUX,2015,0.0212,0.0212,0.0000,0.0000,0.0000,0.0000,OECD
Luxembourg,LUX,2016,0.0212,0.0212,0.0000,0.0000,0.0000,0.0000,OECD
Luxembourg,LUX,2017,0.0212,0.0212,0.0000,0.0000,0.0000,0.0000,OECD
Luxembourg,LUX,2018,0.0432,0.0212,0.0000,0.0000,0.0220,0.0000,OECD
Luxembourg,LUX,2019,0.0432,0.0212,0.0000,0.0000,0.0220,0.0000,OECD
Luxembourg,LUX,2020,0.0432,0.0212,0.0000,0.0000,0.0220,0.0000,OECD
Luxembourg,LUX,2021,0.0432,0.0212,0.0000,0.0000,0.0220,0.0000,OECD
Luxembourg,LUX,2022,0.0432,0.0212,0.0000,0.0000,0.0220,0.0000,OECD
Luxembourg,LUX,2023,0.0432,0.0212,0.0000,0.0000,0.0220,0.0000,OECD
Madagascar,MDG,2014,0.2989,0.0637,0.1984,0.0000,0.0000,0.0368,OECD
Madagascar,MDG,2015,0.1983,0.0425,0.1190,0.0000,0.0000,0.0368,OECD
Madagascar,MDG,2016,0.1983,0.0425,0.1190,0.0000,0.0000,0.0368,OECD
Madagascar,MDG,2017,0.1983,0.0425,0.1190,0.0000,0.0000,0.0368,OECD
Madagascar,MDG,2018,0.1983,0.0425,0.1190,0.0000,0.0000,0.0368,OECD
Madagascar,MDG,2019,0.1983,0.0425,0.1190,0.0000,0.0000,0.0368,OECD
Madagascar,MDG,2020,0.1983,0.0425,0.1190,0.0000,0.0000,0.0368,OECD
Madagascar,MDG,2021,0.1983,0.0425,0.1190,0.0000,0.0000,0.0368,OECD
Madagascar,MDG,2022,0.1983,0.0425,0.1190,0.0000,0.0000,0.0368,OECD
Madagascar,MDG,2023,0.1983,0.0425,0.1190,0.0000,0.0000,0.0368,OECD
Malaysia,MYS,2014,0.0868,0.0212,0.0000,0.0216,0.0439,0.0000,OECD
Malaysia,MYS,2015,0.0868,0.0212,0.0000,0.0216,0.0439,0.0000,OECD
Malaysia,MYS,2016,0.0868,0.0212,0.0000,0.0216,0.0439,0.0000,OECD
Malaysia,MYS,2017,0.0868,0.0212,0.0000,0.0216,0.0439,0.0000,OECD
Malaysia,MYS,2018,0.0868,0.0212,0.0000,0.0216,0.0439,0.0000,OECD
Malaysia,MYS,2019,0.0868,0.0212,0.0000,0.0216,0.0439,0.0000,OECD
Malaysia,MYS,2020,0.0868,0.0212,0.0000,0.0216,0.0439,0.0000,OECD
Malaysia,MYS,2021,0.0868,0.0212,0.0000,0.0216,0.0439,0.0000,OECD
Malaysia,MYS,2022,0.0868,0.0212,0.0000,0.0216,0.0439,0.0000,OECD
Malaysia,MYS,2023,0.0868,0.0212,0.0000,0.0216,0.0439,0.0000,OECD
Mali,MLI,2014,0.1246,0.0849,0.0397,0.0000,0.0000,0.0000,OECD
Mali,MLI,2015,0.1246,0.0849,0.0397,0.0000,0.0000,0.0000,OECD
Mali,MLI,2016,0.0609,0.0212,0.0397,0.0000,0.0000,0.0000,OECD
Mali,MLI,2017,0.0609,0.0212,0.0397,0.0000,0.0000,0.0000,OECD
Mali,MLI,2018,0.0793,0.0212,0.0397,0.0000,0.0000,0.0184,OECD
Mali,MLI,2019,0.0793,0.0212,0.0397,0.0000,0.0000,0.0184,OECD
Mali,MLI,2020,0.0793,0.0212,0.0397,0.0000,0.0000,0.0184,OECD
Mali,MLI,2021,0.0581,0.0000,0.0397,0.0000,0.0000,0.0184,OECD
Mali,MLI,2022,0.0581,0.0000,0.0397,0.0000,0.0000,0.0184,OECD
Mali,MLI,2023,0.0581,0.0000,0.0397,0.0000,0.0000,0.0184,OECD
Mexico,MEX,2014,0.2777,0.0212,0.2380,0.0000,0.0000,0.0184,OECD
Mexico,MEX,2015,0.0793,0.0212,0.0397,0.0000,0.0000,0.0184,OECD
Mexico,MEX,2016,0.0793,0.0212,0.0397,0.0000,0.0000,0.0184,OECD
Mexico,MEX,2017,0.0793,0.0212,0.0397,0.0000,0.0000,0.0184,OECD
Mexico,MEX,2018,0.0793,0.0212,0.0397,0.0000,0.0000,0.0184,OECD
Mexico,MEX,2019,0.0793,0.0212,0.0397,0.0000,0.0000,0.0184,OECD
Mexico,MEX,2020,0.0793,0.0212,0.0397,0.0000,0.0000,0.0184,OECD
Mexico,MEX,2021,0.0793,0.0212,0.0397,0.0000,0.0000,0.0184,OECD
Mexico,MEX,2022,0.0793,0.0212,0.0397,0.0000,0.0000,0.0184,OECD
Mexico,MEX,2023,0.0793,0.0212,0.0397,0.0000,0.0000,0.0184,OECD
Montenegro,MNE,2014,0.0609,0.0212,0.0397,0.0000,0.0000,0.0000,OECD
Montenegro,MNE,2015,0.0609,0.0212,0.0397,0.0000,0.0000,0.0000,OECD
Montenegro,MNE,2016,0.0609,0.0212,0.0397,0.0000,0.0000,0.0000,OECD
Montenegro,MNE,2017,0.0609,0.0212,0.0397,0.0000,0.0000,0.0000,OECD
Montenegro,MNE,2018,0.0609,0.0212,0.0397,0.0000,0.0000,0.0000,OECD
Montenegro,MNE,2019,0.0609,0.0212,0.0397,0.0000,0.0000,0.0000,OECD
Montenegro,MNE,2020,0.0609,0.0212,0.0397,0.0000,0.0000,0.0000,OECD
Montenegro,MNE,2021,0.0609,0.0212,0.0397,0.0000,0.0000,0.0000,OECD
Montenegro,MNE,2022,0.0609,0.0212,0.0397,0.0000,0.0000,0.0000,OECD
Montenegro,MNE,2023,0.0609,0.0212,0.0397,0.0000,0.0000,0.0000,OECD
Nepal,NPL,2014,0.2454,0.0637,0.0793,0.0216,0.0439,0.0368,OECD
Nepal,NPL,2015,0.2454,0.0637,0.0793,0.0216,0.0439,0.0368,OECD
Nepal,NPL,2016,0.2454,0.0637,0.0793,0.0216,0.0439,0.0368,OECD
Nepal,NPL,2017,0.2270,0.0637,0.0793,0.0216,0.0439,0.0184,OECD
Nepal,NPL,2018,0.2454,0.0637,0.0793,0.0216,0.0439,0.0368,OECD
Nepal,NPL,2019,0.2242,0.0425,0.0793,0.0216,0.0439,0.0368,OECD
Nepal,NPL,2020,0.2022,0.0425,0.0793,0.0216,0.0220,0.0368,OECD
Nepal,NPL,2021,0.2022,0.0425,0.0793,0.0216,0.0220,0.0368,OECD
Nepal,NPL,2022,0.2022,0.0425,0.0793,0.0216,0.0220,0.0368,OECD
Nepal,NPL,2023,0.2022,0.0425,0.0793,0.0216,0.0220,0.0368,OECD
Netherlands,NLD,2014,0.0425,0.0425,0.0000,0.0000,0.0000,0.0000,OECD
Netherlands,NLD,2015,0.0425,0.0425,0.0000,0.0000,0.0000,0.0000,OECD
Netherlands,NLD,2016,0.0425,0.0425,0.0000,0.0000,0.0000,0.0000,OECD
Netherlands,NLD,2017,0.0425,0.0425,0.0000,0.0000,0.0000,0.0000,OECD
Netherlands,NLD,2018,0.0644,0.0425,0.0000,0.0000,0.0220,0.0000,OECD
Netherlands,NLD,2019,0.0644,0.0425,0.0000,0.0000,0.0220,0.0000,OECD
Netherlands,NLD,2020,0.0644,0.0425,0.0000,0.0000,0.0220,0.0000,OECD
Netherlands,NLD,2021,0.0644,0.0425,0.0000,0.0000,0.0220,0.0000,OECD
Netherlands,NLD,2022,0.0644,0.0425,0.0000,0.0000,0.0220,0.0000,OECD
Netherlands,NLD,2023,0.0644,0.0425,0.0000,0.0000,0.0220,0.0000,OECD
New Zealand,NZL,2014,0.1006,0.0212,0.0793,0.0000,0.0000,0.0000,OECD
New Zealand,NZL,2015,0.1006,0.0212,0.0793,0.0000,0.0000,0.0000,OECD
New Zealand,NZL,2016,0.1006,0.0212,0.0793,0.0000,0.0000,0.0000,OECD
New Zealand,NZL,2017,0.1006,0.0212,0.0793,0.0000,0.0000,0.0000,OECD
New Zealand,NZL,2018,0.1006,0.0212,0.0793,0.0000,0.0000,0.0000,OECD
New Zealand,NZL,2019,0.1006,0.0212,0.0793,0.0000,0.0000,0.0000,OECD
New Zealand,NZL,2020,0.1006,0.0212,0.0793,0.0000,0.0000,0.0000,OECD
New Zealand,NZL,2021,0.1006,0.0212,0.0793,0.0000,0.0000,0.0000,OECD
New Zealand,NZL,2022,0.1006,0.0212,0.0793,0.0000,0.0000,0.0000,OECD
New Zealand,NZL,2023,0.1006,0.0212,0.0793,0.0000,0.0000,0.0000,OECD
Nicaragua,NIC,2014,0.2054,0.0425,0.1190,0.0000,0.0439,0.0000,OECD
Nicaragua,NIC,2015,0.2054,0.0425,0.1190,0.0000,0.0439,0.0000,OECD
Nicaragua,NIC,2016,0.2054,0.0425,0.1190,0.0000,0.0439,0.0000,OECD
Nicaragua,NIC,2017,0.2054,0.0425,0.1190,0.0000,0.0439,0.0000,OECD
Nicaragua,NIC,2018,0.2054,0.0425,0.1190,0.0000,0.0439,0.0000,OECD
Nicaragua,NIC,2019,0.2054,0.0425,0.1190,0.0000,0.0439,0.0000,OECD
Nicaragua,NIC,2020,0.2054,0.0425,0.1190,0.0000,0.0439,0.0000,OECD
Nicaragua,NIC,2021,0.2054,0.0425,0.1190,0.0000,0.0439,0.0000,OECD
Nicaragua,NIC,2022,0.2054,0.0425,0.1190,0.0000,0.0439,0.0000,OECD
Nicaragua,NIC,2023,0.2054,0.0425,0.1190,0.0000,0.0439,0.0000,OECD
North Macedonia,MKD,2014,0.1013,0.0000,0.0793,0.0000,0.0220,0.0000,OECD
North Macedonia,MKD,2015,0.1013,0.0000,0.0793,0.0000,0.0220,0.0000,OECD
North Macedonia,MKD,2016,0.1013,0.0000,0.0793,0.0000,0.0220,0.0000,OECD
North Macedonia,MKD,2017,0.1013,0.0000,0.0793,0.0000,0.0220,0.0000,OECD
North Macedonia,MKD,2018,0.1013,0.0000,0.0793,0.0000,0.0220,0.0000,OECD
North Macedonia,MKD,2019,0.1013,0.0000,0.0793,0.0000,0.0220,0.0000,OECD
North Macedonia,MKD,2020,0.1013,0.0000,0.0793,0.0000,0.0220,0.0000,OECD
North Macedonia,MKD,2021,0.1013,0.0000,0.0793,0.0000,0.0220,0.0000,OECD
North Macedonia,MKD,2022,0.1013,0.0000,0.0793,0.0000,0.0220,0.0000,OECD
North Macedonia,MKD,2023,0.1013,0.0000,0.0793,0.0000,0.0220,0.0000,OECD
Norway,NOR,2014,0.0429,0.0212,0.0000,0.0216,0.0000,0.0000,OECD
Norway,NOR,2015,0.0429,0.0212,0.0000,0.0216,0.0000,0.0000,OECD
Norway,NOR,2016,0.0429,0.0212,0.0000,0.0216,0.0000,0.0000,OECD
Norway,NOR,2017,0.0429,0.0212,0.0000,0.0216,0.0000,0.0000,OECD
Norway,NOR,2018,0.0212,0.0212,0.0000,0.0000,0.0000,0.0000,OECD
Norway,NOR,2019,0.0212,0.0212,0.0000,0.0000,0.0000,0.0000,OECD
Norway,NOR,2020,0.0212,0.0212,0.0000,0.0000,0.0000,0.0000,OECD
Norway,NOR,2021,0.0212,0.0212,0.0000,0.0000,0.0000,0.0000,OECD
Norway,NOR,2022,0.0212,0.0212,0.0000,0.0000,0.0000,0.0000,OECD
Norway,NOR,2023,0.0212,0.0212,0.0000,0.0000,0.0000,0.0000,OECD
Pakistan,PAK,2014,0.1657,0.0425,0.0793,0.0000,0.0439,0.0000,OECD
Pakistan,PAK,2015,0.1657,0.0425,0.0793,0.0000,0.0439,0.0000,OECD
Pakistan,PAK,2016,0.2313,0.0425,0.0793,0.0216,0.0878,0.0000,OECD
Pakistan,PAK,2017,0.2313,0.0425,0.0793,0.0216,0.0878,0.0000,OECD
Pakistan,PAK,2018,0.2313,0.0425,0.0793,0.0216,0.0878,0.0000,OECD
Pakistan,PAK,2019,0.2681,0.0425,0.0793,0.0216,0.0878,0.0368,OECD
Pakistan,PAK,2020,0.3297,0.0425,0.1190,0.0216,0.1098,0.0368,OECD
Pakistan,PAK,2021,0.3297,0.0425,0.1190,0.0216,0.1098,0.0368,OECD
Pakistan,PAK,2022,0.3297,0.0425,0.1190,0.0216,0.1098,0.0368,OECD
Pakistan,PAK,2023,0.3297,0.0425,0.1190,0.0216,0.1098,0.0368,OECD
Panama,PAN,2014,0.0220,0.0000,0.0000,0.0000,0.0220,0.0000,OECD
Panama,PAN,2015,0.0220,0.0000,0.0000,0.0000,0.0220,0.0000,OECD
Panama,PAN,2016,0.0220,0.0000,0.0000,0.0000,0.0220,0.0000,OECD
Panama,PAN,2017,0.0220,0.0000,0.0000,0.0000,0.0220,0.0000,OECD
Panama,PAN,2018,0.0220,0.0000,0.0000,0.0000,0.0220,0.0000,OECD
Panama,PAN,2019,0.0220,0.0000,0.0000,0.0000,0.0220,0.0000,OECD
Panama,PAN,2020,0.0220,0.0000,0.0000,0.0000,0.0220,0.0000,OECD
Panama,PAN,2021,0.1013,0.0000,0.0793,0.0000,0.0220,0.0000,OECD
Panama,PAN,2022,0.1013,0.0000,0.0793,0.0000,0.0220,0.0000,OECD
Panama,PAN,2023,0.1013,0.0000,0.0793,0.0000,0.0220,0.0000,OECD
Paraguay,PRY,2014,0.2628,0.0425,0.1984,0.0000,0.0220,0.0000,OECD
Paraguay,PRY,2015,0.2628,0.0425,0.1984,0.0000,0.0220,0.0000,OECD
Paraguay,PRY,2016,0.2628,0.0425,0.1984,0.0000,0.0220,0.0000,OECD
Paraguay,PRY,2017,0.2628,0.0425,0.1984,0.0000,0.0220,0.0000,OECD
Paraguay,PRY,2018,0.2416,0.0212,0.1984,0.0000,0.0220,0.0000,OECD
Paraguay,PRY,2019,0.2203,0.0000,0.1984,0.0000,0.0220,0.0000,OECD
Paraguay,PRY,2020,0.2203,0.0000,0.1984,0.0000,0.0220,0.0000,OECD
Paraguay,PRY,2021,0.2203,0.0000,0.1984,0.0000,0.0220,0.0000,OECD
Paraguay,PRY,2022,0.2203,0.0000,0.1984,0.0000,0.0220,0.0000,OECD
Paraguay,PRY,2023,0.2203,0.0000,0.1984,0.0000,0.0220,0.0000,OECD
Peru,PER,2014,0.2019,0.0212,0.1587,0.0000,0.0220,0.0000,OECD
Peru,PER,2015,0.2019,0.0212,0.1587,0.0000,0.0220,0.0000,OECD
Peru,PER,2016,0.2019,0.0212,0.1587,0.0000,0.0220,0.0000,OECD
Peru,PER,2017,0.2019,0.0212,0.1587,0.0000,0.0220,0.0000,OECD
Peru,PER,2018,0.2019,0.0212,0.1587,0.0000,0.0220,0.0000,OECD
Peru,PER,2019,0.2019,0.0212,0.1587,0.0000,0.0220,0.0000,OECD
Peru,PER,2020,0.2019,0.0212,0.1587,0.0000,0.0220,0.0000,OECD
Peru,PER,2021,0.2019,0.0212,0.1587,0.0000,0.0220,0.0000,OECD
Peru,PER,2022,0.2019,0.0212,0.1587,0.0000,0.0220,0.0000,OECD
Peru,PER,2023,0.2019,0.0212,0.1587,0.0000,0.0220,0.0000,OECD
Philippines,PHL,2014,0.0868,0.0212,0.0000,0.0216,0.0439,0.0000,OECD
Philippines,PHL,2015,0.0868,0.0212,0.0000,0.0216,0.0439,0.0000,OECD
Philippines,PHL,2016,0.0868,0.0212,0.0000,0.0216,0.0439,0.0000,OECD
Philippines,PHL,2017,0.0868,0.0212,0.0000,0.0216,0.0439,0.0000,OECD
Philippines,PHL,2018,0.0868,0.0212,0.0000,0.0216,0.0439,0.0000,OECD
Philippines,PHL,2019,0.0868,0.0212,0.0000,0.0216,0.0439,0.0000,OECD
Philippines,PHL,2020,0.0868,0.0212,0.0000,0.0216,0.0439,0.0000,OECD
Philippines,PHL,2021,0.0868,0.0212,0.0000,0.0216,0.0439,0.0000,OECD
Philippines,PHL,2022,0.0868,0.0212,0.0000,0.0216,0.0439,0.0000,OECD
Philippines,PHL,2023,0.0868,0.0212,0.0000,0.0216,0.0439,0.0000,OECD
Poland,POL,2014,0.1225,0.0212,0.0793,0.0000,0.0220,0.0000,OECD
Poland,POL,2015,0.0829,0.0212,0.0397,0.0000,0.0220,0.0000,OECD
Poland,POL,2016,0.2416,0.0212,0.1984,0.0000,0.0220,0.0000,OECD
Poland,POL,2017,0.2416,0.0212,0.1984,0.0000,0.0220,0.0000,OECD
Poland,POL,2018,0.2635,0.0212,0.1984,0.0000,0.0439,0.0000,OECD
Poland,POL,2019,0.2635,0.0212,0.1984,0.0000,0.0439,0.0000,OECD
Poland,POL,2020,0.2635,0.0212,0.1984,0.0000,0.0439,0.0000,OECD
Poland,POL,2021,0.2635,0.0212,0.1984,0.0000,0.0439,0.0000,OECD
Poland,POL,2022,0.2635,0.0212,0.1984,0.0000,0.0439,0.0000,OECD
Poland,POL,2023,0.2635,0.0212,0.1984,0.0000,0.0439,0.0000,OECD
Portugal,PRT,2014,0.1225,0.0425,0.0397,0.0000,0.0220,0.0184,OECD
Portugal,PRT,2015,0.0828,0.0425,0.0000,0.0000,0.0220,0.0184,OECD
Portugal,PRT,2016,0.0828,0.0425,0.0000,0.0000,0.0220,0.0184,OECD
Portugal,PRT,2017,0.0828,0.0425,0.0000,0.0000,0.0220,0.0184,OECD
Portugal,PRT,2018,0.1048,0.0425,0.0000,0.0000,0.0439,0.0184,OECD
Portugal,PRT,2019,0.1048,0.0425,0.0000,0.0000,0.0439,0.0184,OECD
Portugal,PRT,2020,0.1048,0.0425,0.0000,0.0000,0.0439,0.0184,OECD
Portugal,PRT,2021,0.1048,0.0425,0.0000,0.0000,0.0439,0.0184,OECD
Portugal,PRT,2022,0.1048,0.0425,0.0000,0.0000,0.0439,0.0184,OECD
Portugal,PRT,2023,0.1048,0.0425,0.0000,0.0000,0.0439,0.0184,OECD
Russia,RUS,2014,0.2019,0.0212,0.1587,0.0000,0.0220,0.0000,OECD
Russia,RUS,2015,0.2416,0.0212,0.1984,0.0000,0.0220,0.0000,OECD
Russia,RUS,2016,0.2416,0.0212,0.1984,0.0000,0.0220,0.0000,OECD
Russia,RUS,2017,0.2607,0.0000,0.1984,0.0000,0.0439,0.0184,OECD
Russia,RUS,2018,0.2607,0.0000,0.1984,0.0000,0.0439,0.0184,OECD
Russia,RUS,2019,0.2791,0.0000,0.1984,0.0000,0.0439,0.0368,OECD
Russia,RUS,2020,0.3010,0.0000,0.1984,0.0000,0.0659,0.0368,OECD
Russia,RUS,2021,0.3450,0.0000,0.1984,0.0000,0.1098,0.0368,OECD
Russia,RUS,2022,0.4676,0.0000,0.2777,0.0433,0.1098,0.0368,OECD
Russia,RUS,2023,0.4676,0.0000,0.2777,0.0433,0.1098,0.0368,OECD
Rwanda,RWA,2014,0.3113,0.0425,0.1190,0.0216,0.1098,0.0184,OECD
Rwanda,RWA,2015,0.3113,0.0425,0.1190,0.0216,0.1098,0.0184,OECD
Rwanda,RWA,2016,0.3694,0.0425,0.1587,0.0216,0.1098,0.0368,OECD
Rwanda,RWA,2017,0.3694,0.0425,0.1587,0.0216,0.1098,0.0368,OECD
Rwanda,RWA,2018,0.3694,0.0425,0.1587,0.0216,0.1098,0.0368,OECD
Rwanda,RWA,2019,0.3694,0.0425,0.1587,0.0216,0.1098,0.0368,OECD
Rwanda,RWA,2020,0.3694,0.0425,0.1587,0.0216,0.1098,0.0368,OECD
Rwanda,RWA,2021,0.3694,0.0425,0.1587,0.0216,0.1098,0.0368,OECD
Rwanda,RWA,2022,0.3694,0.0425,0.1587,0.0216,0.1098,0.0368,OECD
Rwanda,RWA,2023,0.3694,0.0425,0.1587,0.0216,0.1098,0.0368,OECD
Saudi Arabia,SAU,2014,0.2455,0.0425,0.1190,0.0216,0.0439,0.0184,OECD
Saudi Arabia,SAU,2015,0.2639,0.0425,0.1190,0.0216,0.0439,0.0368,OECD
Saudi Arabia,SAU,2016,0.2639,0.0425,0.1190,0.0216,0.0439,0.0368,OECD
Saudi Arabia,SAU,2017,0.2639,0.0425,0.1190,0.0216,0.0439,0.0368,OECD
Saudi Arabia,SAU,2018,0.4268,0.0425,0.2380,0.0216,0.0878,0.0368,OECD
Saudi Arabia,SAU,2019,0.4268,0.0425,0.2380,0.0216,0.0878,0.0368,OECD
Saudi Arabia,SAU,2020,0.4452,0.0212,0.2777,0.0216,0.0878,0.0368,OECD
Saudi Arabia,SAU,2021,0.4452,0.0212,0.2777,0.0216,0.0878,0.0368,OECD
Saudi Arabia,SAU,2022,0.4056,0.0212,0.2380,0.0216,0.0878,0.0368,OECD
Saudi Arabia,SAU,2023,0.4056,0.0212,0.2380,0.0216,0.0878,0.0368,OECD
Senegal,SEN,2014,0.1661,0.0212,0.0793,0.0216,0.0439,0.0000,OECD
Senegal,SEN,2015,0.1661,0.0212,0.0793,0.0216,0.0439,0.0000,OECD
Senegal,SEN,2016,0.1661,0.0212,0.0793,0.0216,0.0439,0.0000,OECD
Senegal,SEN,2017,0.1661,0.0212,0.0793,0.0216,0.0439,0.0000,OECD
Senegal,SEN,2018,0.1661,0.0212,0.0793,0.0216,0.0439,0.0000,OECD
Senegal,SEN,2019,0.1661,0.0212,0.0793,0.0216,0.0439,0.0000,OECD
Senegal,SEN,2020,0.1661,0.0212,0.0793,0.0216,0.0439,0.0000,OECD
Senegal,SEN,2021,0.1661,0.0212,0.0793,0.0216,0.0439,0.0000,OECD
Senegal,SEN,2022,0.1661,0.0212,0.0793,0.0216,0.0439,0.0000,OECD
Senegal,SEN,2023,0.1661,0.0212,0.0793,0.0216,0.0439,0.0000,OECD
Serbia,SRB,2014,0.1013,0.0212,0.0397,0.0000,0.0220,0.0184,OECD
Serbia,SRB,2015,0.1013,0.0212,0.0397,0.0000,0.0220,0.0184,OECD
Serbia,SRB,2016,0.1013,0.0212,0.0397,0.0000,0.0220,0.0184,OECD
Serbia,SRB,2017,0.1013,0.0212,0.0397,0.0000,0.0220,0.0184,OECD
Serbia,SRB,2018,0.1013,0.0212,0.0397,0.0000,0.0220,0.0184,OECD
Serbia,SRB,2019,0.1013,0.0212,0.0397,0.0000,0.0220,0.0184,OECD
Serbia,SRB,2020,0.1013,0.0212,0.0397,0.0000,0.0220,0.0184,OECD
Serbia,SRB,2021,0.1013,0.0212,0.0397,0.0000,0.0220,0.0184,OECD
Serbia,SRB,2022,0.1013,0.0212,0.0397,0.0000,0.0220,0.0184,OECD
Serbia,SRB,2023,0.1013,0.0212,0.0397,0.0000,0.0220,0.0184,OECD
Seychelles,SYC,2014,0.4832,0.0425,0.3571,0.0433,0.0220,0.0184,OECD
Seychelles,SYC,2015,0.4832,0.0425,0.3571,0.0433,0.0220,0.0184,OECD
Seychelles,SYC,2016,0.4832,0.0425,0.3571,0.0433,0.0220,0.0184,OECD
Seychelles,SYC,2017,0.4832,0.0425,0.3571,0.0433,0.0220,0.0184,OECD
Seychelles,SYC,2018,0.4832,0.0425,0.3571,0.0433,0.0220,0.0184,OECD
Seychelles,SYC,2019,0.4832,0.0425,0.3571,0.0433,0.0220,0.0184,OECD
Seychelles,SYC,2020,0.4832,0.0425,0.3571,0.0433,0.0220,0.0184,OECD
Seychelles,SYC,2021,0.4832,0.0425,0.3571,0.0433,0.0220,0.0184,OECD
Seychelles,SYC,2022,0.4832,0.0425,0.3571,0.0433,0.0220,0.0184,OECD
Seychelles,SYC,2023,0.4832,0.0425,0.3571,0.0433,0.0220,0.0184,OECD
Singapore,SGP,2014,0.1629,0.0212,0.0793,0.0000,0.0439,0.0184,OECD
Singapore,SGP,2015,0.1629,0.0212,0.0793,0.0000,0.0439,0.0184,OECD
Singapore,SGP,2016,0.1629,0.0212,0.0793,0.0000,0.0439,0.0184,OECD
Singapore,SGP,2017,0.1629,0.0212,0.0793,0.0000,0.0439,0.0184,OECD
Singapore,SGP,2018,0.1417,0.0000,0.0793,0.0000,0.0439,0.0184,OECD
Singapore,SGP,2019,0.1601,0.0000,0.0793,0.0000,0.0439,0.0368,OECD
Singapore,SGP,2020,0.1601,0.0000,0.0793,0.0000,0.0439,0.0368,OECD
Singapore,SGP,2021,0.1997,0.0000,0.1190,0.0000,0.0439,0.0368,OECD
Singapore,SGP,2022,0.1997,0.0000,0.1190,0.0000,0.0439,0.0368,OECD
Singapore,SGP,2023,0.1997,0.0000,0.1190,0.0000,0.0439,0.0368,OECD
Slovak Republic,SVK,2014,0.0396,0.0212,0.0000,0.0000,0.0000,0.0184,OECD
Slovak Republic,SVK,2015,0.0396,0.0212,0.0000,0.0000,0.0000,0.0184,OECD
Slovak Republic,SVK,2016,0.0396,0.0212,0.0000,0.0000,0.0000,0.0184,OECD
Slovak Republic,SVK,2017,0.0396,0.0212,0.0000,0.0000,0.0000,0.0184,OECD
Slovak Republic,SVK,2018,0.0616,0.0212,0.0000,0.0000,0.0220,0.0184,OECD
Slovak Republic,SVK,2019,0.0616,0.0212,0.0000,0.0000,0.0220,0.0184,OECD
Slovak Republic,SVK,2020,0.0616,0.0212,0.0000,0.0000,0.0220,0.0184,OECD
Slovak Republic,SVK,2021,0.0616,0.0212,0.0000,0.0000,0.0220,0.0184,OECD
Slovak Republic,SVK,2022,0.0616,0.0212,0.0000,0.0000,0.0220,0.0184,OECD
Slovak Republic,SVK,2023,0.0616,0.0212,0.0000,0.0000,0.0220,0.0184,OECD
Slovenia,SVN,2014,0.0212,0.0212,0.0000,0.0000,0.0000,0.0000,OECD
Slovenia,SVN,2015,0.0212,0.0212,0.0000,0.0000,0.0000,0.0000,OECD
Slovenia,SVN,2016,0.0000,0.0000,0.0000,0.0000,0.0000,0.0000,OECD
Slovenia,SVN,2017,0.0000,0.0000,0.0000,0.0000,0.0000,0.0000,OECD
Slovenia,SVN,2018,0.1410,0.0000,0.1190,0.0000,0.0220,0.0000,OECD
Slovenia,SVN,2019,0.1410,0.0000,0.1190,0.0000,0.0220,0.0000,OECD
Slovenia,SVN,2020,0.1410,0.0000,0.1190,0.0000,0.0220,0.0000,OECD
Slovenia,SVN,2021,0.1410,0.0000,0.1190,0.0000,0.0220,0.0000,OECD
Slovenia,SVN,2022,0.1410,0.0000,0.1190,0.0000,0.0220,0.0000,OECD
Slovenia,SVN,2023,0.1410,0.0000,0.1190,0.0000,0.0220,0.0000,OECD
South Africa,ZAF,2014,0.3022,0.0425,0.2380,0.0216,0.0000,0.0000,OECD
South Africa,ZAF,2015,0.3022,0.0425,0.2380,0.0216,0.0000,0.0000,OECD
South Africa,ZAF,2016,0.3022,0.0425,0.2380,0.0216,0.0000,0.0000,OECD
South Africa,ZAF,2017,0.3022,0.0425,0.2380,0.0216,0.0000,0.0000,OECD
South Africa,ZAF,2018,0.3022,0.0425,0.2380,0.0216,0.0000,0.0000,OECD
South Africa,ZAF,2019,0.3022,0.0425,0.2380,0.0216,0.0000,0.0000,OECD
South Africa,ZAF,2020,0.3022,0.0425,0.2380,0.0216,0.0000,0.0000,OECD
South Africa,ZAF,2021,0.3022,0.0425,0.2380,0.0216,0.0000,0.0000,OECD
South Africa,ZAF,2022,0.3022,0.0425,0.2380,0.0216,0.0000,0.0000,OECD
South Africa,ZAF,2023,0.3022,0.0425,0.2380,0.0216,0.0000,0.0000,OECD
Spain,ESP,2014,0.0609,0.0212,0.0397,0.0000,0.0000,0.0000,OECD
Spain,ESP,2015,0.0609,0.0212,0.0397,0.0000,0.0000,0.0000,OECD
Spain,ESP,2016,0.0609,0.0212,0.0397,0.0000,0.0000,0.0000,OECD
Spain,ESP,2017,0.0609,0.0212,0.0397,0.0000,0.0000,0.0000,OECD
Spain,ESP,2018,0.0829,0.0212,0.0397,0.0000,0.0220,0.0000,OECD
Spain,ESP,2019,0.0829,0.0212,0.0397,0.0000,0.0220,0.0000,OECD
Spain,ESP,2020,0.0829,0.0212,0.0397,0.0000,0.0220,0.0000,OECD
Spain,ESP,2021,0.0829,0.0212,0.0397,0.0000,0.0220,0.0000,OECD
Spain,ESP,2022,0.0829,0.0212,0.0397,0.0000,0.0220,0.0000,OECD
Spain,ESP,2023,0.0829,0.0212,0.0397,0.0000,0.0220,0.0000,OECD
Sweden,SWE,2014,0.0821,0.0425,0.0397,0.0000,0.0000,0.0000,OECD
Sweden,SWE,2015,0.0821,0.0425,0.0397,0.0000,0.0000,0.0000,OECD
Sweden,SWE,2016,0.0821,0.0425,0.0397,0.0000,0.0000,0.0000,OECD
Sweden,SWE,2017,0.0821,0.0425,0.0397,0.0000,0.0000,0.0000,OECD
Sweden,SWE,2018,0.1041,0.0425,0.0397,0.0000,0.0220,0.0000,OECD
Sweden,SWE,2019,0.1041,0.0425,0.0397,0.0000,0.0220,0.0000,OECD
Sweden,SWE,2020,0.1041,0.0425,0.0397,0.0000,0.0220,0.0000,OECD
Sweden,SWE,2021,0.1041,0.0425,0.0397,0.0000,0.0220,0.0000,OECD
Sweden,SWE,2022,0.1041,0.0425,0.0397,0.0000,0.0220,0.0000,OECD
Sweden,SWE,2023,0.1041,0.0425,0.0397,0.0000,0.0220,0.0000,OECD
Switzerland,CHE,2014,0.0212,0.0212,0.0000,0.0000,0.0000,0.0000,OECD
Switzerland,CHE,2015,0.0212,0.0212,0.0000,0.0000,0.0000,0.0000,OECD
Switzerland,CHE,2016,0.0212,0.0212,0.0000,0.0000,0.0000,0.0000,OECD
Switzerland,CHE,2017,0.0212,0.0212,0.0000,0.0000,0.0000,0.0000,OECD
Switzerland,CHE,2018,0.0212,0.0212,0.0000,0.0000,0.0000,0.0000,OECD
Switzerland,CHE,2019,0.0212,0.0212,0.0000,0.0000,0.0000,0.0000,OECD
Switzerland,CHE,2020,0.0212,0.0212,0.0000,0.0000,0.0000,0.0000,OECD
Switzerland,CHE,2021,0.0212,0.0212,0.0000,0.0000,0.0000,0.0000,OECD
Switzerland,CHE,2022,0.0212,0.0212,0.0000,0.0000,0.0000,0.0000,OECD
Switzerland,CHE,2023,0.0212,0.0212,0.0000,0.0000,0.0000,0.0000,OECD
Thailand,THA,2014,0.1806,0.0212,0.1190,0.0000,0.0220,0.0184,OECD
Thailand,THA,2015,0.1806,0.0212,0.1190,0.0000,0.0220,0.0184,OECD
Thailand,THA,2016,0.1806,0.0212,0.1190,0.0000,0.0220,0.0184,OECD
Thailand,THA,2017,0.1806,0.0212,0.1190,0.0000,0.0220,0.0184,OECD
Thailand,THA,2018,0.1806,0.0212,0.1190,0.0000,0.0220,0.0184,OECD
Thailand,THA,2019,0.1806,0.0212,0.1190,0.0000,0.0220,0.0184,OECD
Thailand,THA,2020,0.1806,0.0212,0.1190,0.0000,0.0220,0.0184,OECD
Thailand,THA,2021,0.1806,0.0212,0.1190,0.0000,0.0220,0.0184,OECD
Thailand,THA,2022,0.1013,0.0212,0.0397,0.0000,0.0220,0.0184,OECD
Thailand,THA,2023,0.1013,0.0212,0.0397,0.0000,0.0220,0.0184,OECD
Turkey,TUR,2015,0.1409,0.0425,0.0397,0.0000,0.0220,0.0368,OECD
Turkey,TUR,2016,0.1409,0.0425,0.0397,0.0000,0.0220,0.0368,OECD
Turkey,TUR,2017,0.1409,0.0425,0.0397,0.0000,0.0220,0.0368,OECD
Turkey,TUR,2018,0.1409,0.0425,0.0397,0.0000,0.0220,0.0368,OECD
Turkey,TUR,2019,0.2025,0.0425,0.0793,0.0000,0.0439,0.0368,OECD
Turkey,TUR,2020,0.2245,0.0425,0.0793,0.0000,0.0659,0.0368,OECD
Turkey,TUR,2021,0.2245,0.0425,0.0793,0.0000,0.0659,0.0368,OECD
Turkey,TUR,2022,0.2245,0.0425,0.0793,0.0000,0.0659,0.0368,OECD
Turkey,TUR,2023,0.2464,0.0425,0.0793,0.0000,0.0878,0.0368,OECD
Turkey,TUR,2014,0.0609,0.0425,0.0000,0.0000,0.0000,0.0184,OECD
Uganda,UGA,2014,0.4835,0.0212,0.3967,0.0216,0.0439,0.0000,OECD
Uganda,UGA,2015,0.4835,0.0212,0.3967,0.0216,0.0439,0.0000,OECD
Uganda,UGA,2016,0.4623,0.0000,0.3967,0.0216,0.0439,0.0000,OECD
Uganda,UGA,2017,0.4623,0.0000,0.3967,0.0216,0.0439,0.0000,OECD
Uganda,UGA,2018,0.4623,0.0000,0.3967,0.0216,0.0439,0.0000,OECD
Uganda,UGA,2019,0.0833,0.0000,0.0397,0.0216,0.0220,0.0000,OECD
Uganda,UGA,2020,0.0833,0.0000,0.0397,0.0216,0.0220,0.0000,OECD
Uganda,UGA,2021,0.0833,0.0000,0.0397,0.0216,0.0220,0.0000,OECD
Uganda,UGA,2022,0.0833,0.0000,0.0397,0.0216,0.0220,0.0000,OECD
Uganda,UGA,2023,0.0833,0.0000,0.0397,0.0216,0.0220,0.0000,OECD
United Kingdom,GBR,2014,0.0212,0.0212,0.0000,0.0000,0.0000,0.0000,OECD
United Kingdom,GBR,2015,0.0212,0.0212,0.0000,0.0000,0.0000,0.0000,OECD
United Kingdom,GBR,2016,0.0212,0.0212,0.0000,0.0000,0.0000,0.0000,OECD
United Kingdom,GBR,2017,0.0212,0.0212,0.0000,0.0000,0.0000,0.0000,OECD
United Kingdom,GBR,2018,0.0212,0.0212,0.0000,0.0000,0.0000,0.0000,OECD
United Kingdom,GBR,2019,0.0212,0.0212,0.0000,0.0000,0.0000,0.0000,OECD
United Kingdom,GBR,2020,0.0212,0.0212,0.0000,0.0000,0.0000,0.0000,OECD
United Kingdom,GBR,2021,0.0212,0.0212,0.0000,0.0000,0.0000,0.0000,OECD
United Kingdom,GBR,2022,0.0212,0.0212,0.0000,0.0000,0.0000,0.0000,OECD
United Kingdom,GBR,2023,0.0212,0.0212,0.0000,0.0000,0.0000,0.0000,OECD
United States,USA,2014,0.0609,0.0212,0.0397,0.0000,0.0000,0.0000,OECD
United States,USA,2015,0.0609,0.0212,0.0397,0.0000,0.0000,0.0000,OECD
United States,USA,2016,0.0609,0.0212,0.0397,0.0000,0.0000,0.0000,OECD
United States,USA,2017,0.0609,0.0212,0.0397,0.0000,0.0000,0.0000,OECD
United States,USA,2018,0.0609,0.0212,0.0397,0.0000,0.0000,0.0000,OECD
United States,USA,2019,0.0609,0.0212,0.0397,0.0000,0.0000,0.0000,OECD
United States,USA,2020,0.0609,0.0212,0.0397,0.0000,0.0000,0.0000,OECD
United States,USA,2021,0.0609,0.0212,0.0397,0.0000,0.0000,0.0000,OECD
United States,USA,2022,0.0609,0.0212,0.0397,0.0000,0.0000,0.0000,OECD
United States,USA,2023,0.0609,0.0212,0.0397,0.0000,0.0000,0.0000,OECD
Uruguay,URY,2014,0.2777,0.0212,0.2380,0.0000,0.0000,0.0184,OECD
Uruguay,URY,2015,0.2777,0.0212,0.2380,0.0000,0.0000,0.0184,OECD
Uruguay,URY,2016,0.2777,0.0212,0.2380,0.0000,0.0000,0.0184,OECD
Uruguay,URY,2017,0.2777,0.0212,0.2380,0.0000,0.0000,0.0184,OECD
Uruguay,URY,2018,0.2777,0.0212,0.2380,0.0000,0.0000,0.0184,OECD
Uruguay,URY,2019,0.2777,0.0212,0.2380,0.0000,0.0000,0.0184,OECD
Uruguay,URY,2020,0.2777,0.0212,0.2380,0.0000,0.0000,0.0184,OECD
Uruguay,URY,2021,0.2777,0.0212,0.2380,0.0000,0.0000,0.0184,OECD
Uruguay,URY,2022,0.2777,0.0212,0.2380,0.0000,0.0000,0.0184,OECD
Uruguay,URY,2023,0.2777,0.0212,0.2380,0.0000,0.0000,0.0184,OECD
Vanuatu,VUT,2014,0.2083,0.0637,0.0793,0.0433,0.0220,0.0000,OECD
Vanuatu,VUT,2015,0.2083,0.0637,0.0793,0.0433,0.0220,0.0000,OECD
Vanuatu,VUT,2016,0.1871,0.0425,0.0793,0.0433,0.0220,0.0000,OECD
Vanuatu,VUT,2017,0.1871,0.0425,0.0793,0.0433,0.0220,0.0000,OECD
Vanuatu,VUT,2018,0.1871,0.0425,0.0793,0.0433,0.0220,0.0000,OECD
Vanuatu,VUT,2019,0.1871,0.0425,0.0793,0.0433,0.0220,0.0000,OECD
Vanuatu,VUT,2020,0.1654,0.0425,0.0793,0.0216,0.0220,0.0000,OECD
Vanuatu,VUT,2021,0.1654,0.0425,0.0793,0.0216,0.0220,0.0000,OECD
Vanuatu,VUT,2022,0.1654,0.0425,0.0793,0.0216,0.0220,0.0000,OECD
Vanuatu,VUT,2023,0.1654,0.0425,0.0793,0.0216,0.0220,0.0000,OECD
Viet Nam,VNM,2014,0.1055,0.0212,0.0000,0.0000,0.0659,0.0184,OECD
Viet Nam,VNM,2015,0.1055,0.0212,0.0000,0.0000,0.0659,0.0184,OECD
Viet Nam,VNM,2016,0.0871,0.0212,0.0000,0.0000,0.0659,0.0000,OECD
Viet Nam,VNM,2017,0.0871,0.0212,0.0000,0.0000,0.0659,0.0000,OECD
Viet Nam,VNM,2018,0.0871,0.0212,0.0000,0.0000,0.0659,0.0000,OECD
Viet Nam,VNM,2019,0.1671,0.0212,0.0397,0.0000,0.0878,0.0184,OECD
Viet Nam,VNM,2020,0.1459,0.0000,0.0397,0.0000,0.0878,0.0184,OECD
Viet Nam,VNM,2021,0.1459,0.0000,0.0397,0.0000,0.0878,0.0184,OECD
Viet Nam,VNM,2022,0.1459,0.0000,0.0397,0.0000,0.0878,0.0184,OECD
Viet Nam,VNM,2023,0.2252,0.0000,0.1190,0.0000,0.0878,0.0184,OECD
Zambia,ZMB,2014,0.1693,0.0637,0.0000,0.0433,0.0439,0.0184,OECD
Zambia,ZMB,2015,0.1693,0.0637,0.0000,0.0433,0.0439,0.0184,OECD
Zambia,ZMB,2016,0.1693,0.0637,0.0000,0.0433,0.0439,0.0184,OECD
Zambia,ZMB,2017,0.1254,0.0637,0.0000,0.0433,0.0000,0.0184,OECD
Zambia,ZMB,2018,0.1481,0.0425,0.0000,0.0433,0.0439,0.0184,OECD
Zambia,ZMB,2019,0.1481,0.0425,0.0000,0.0433,0.0439,0.0184,OECD
Zambia,ZMB,2020,0.1481,0.0425,0.0000,0.0433,0.0439,0.0184,OECD
Zambia,ZMB,2021,0.1878,0.0425,0.0397,0.0433,0.0439,0.0184,OECD
Zambia,ZMB,2022,0.1878,0.0425,0.0397,0.0433,0.0439,0.0184,OECD
Zambia,ZMB,2023,0.1878,0.0425,0.0397,0.0433,0.0439,0.0184,OECD
Zimbabwe,ZWE,2014,0.6319,0.0637,0.3967,0.0433,0.1098,0.0184,OECD
Zimbabwe,ZWE,2015,0.6319,0.0637,0.3967,0.0433,0.1098,0.0184,OECD
Zimbabwe,ZWE,2016,0.6319,0.0637,0.3967,0.0433,0.1098,0.0184,OECD
Zimbabwe,ZWE,2017,0.6287,0.0637,0.3967,0.0216,0.1098,0.0368,OECD
Zimbabwe,ZWE,2018,0.6287,0.0637,0.3967,0.0216,0.1098,0.0368,OECD
Zimbabwe,ZWE,2019,0.6287,0.0637,0.3967,0.0216,0.1098,0.0368,OECD
Zimbabwe,ZWE,2020,0.6075,0.0425,0.3967,0.0216,0.1098,0.0368,OECD
Zimbabwe,ZWE,2021,0.5281,0.0425,0.3174,0.0216,0.1098,0.0368,OECD
Zimbabwe,ZWE,2022,0.5281,0.0425,0.3174,0.0216,0.1098,0.0368,OECD
Zimbabwe,ZWE,2023,0.5281,0.0425,0.3174,0.0216,0.1098,0.0368,OECD
