Country,Isocode,Year,GovTech_Maturity_Index_(Idx),Core_Government_Systems_Index_(Sub-Idx),Public_Sector_Delivery_Index_(Sub-Idx),Citizen_Engagement_Index_(Sub-Idx),GovTech_Enablers_Index_(Sub-Idx),Shared_Cloud_platform_for_Governments_(Idc),Government_Enterprise_Architecture_Framework_(Idc),Government_Interoperability_Framework_(Idc),_Government_Service_Bus_Platform_(Idc),Operational_FMIS_(Idc),TSA_supported_by_FMIS_(Idc),Tax_Management_Information_System_(Idc),Customs_Management_Information_System_(Idc),HR_Management_Information_System_with_self-service_portal_(Idc),Payroll_System_MIS_linked_with_HRMIS_(Idc),Social_Insurance_system__providing_SI_programs_(Idc),_e-Procurement_portal_(Idc),Debt_Management_System_DMS_(Idc),Public_Investment_Management_System_PIMS_(Idc),Government_Open_Source_Software_policy_(Idc),UN_Telecommunication_Infrastructure_Index_TII_(Idc),National_Strategy_on_Innovative_Technologies_(Idc),UN_Online_Service_Index_OSI_(Idc),Online_Public_Service_Portal_(Idc),Tax_Online_Service_Portal_(Idc),e-Filing_for_Tax/Customs_Declarations_(Idc),e-Payment_Services_(Idc),_Customs_Online_Service_Portal_(Idc),Social_Insurance/Pension_Online_Service_Portal_(Idc),Jop_Portal_(Idc),UN_E-Participation_Index_EPI_(Idc),Open_Government_Portal_(Idc),Open_Data_Portal_(Idc),_National_Platforms_for_Policy_Decision-Making_(Idc),Government_Platforms_for_Servic_Delivery_Feedback_(Idc),Publication_of_Citizen_Engagement_Statistics/Performance_(Idc),_Government_Entity_Focused_on_GovTech_(Idc),Dedicated_Government_Entity_for_Data_Governance/Management_(Idc),GovTech_/_Digital_Transformation_Strategy_(Idc),_Whole-of-government_Approach_to_Public_Sector_Digital_Transformation_(Idc),RTI_Laws_for_Public_Data_Availability_(Idc),Data_Protection_/_Privacy_Law_(Idc),Publishing_of_Data_Protection_Authority_Performance/Results_(Idc),National_ID_System_(Idc),Digitized_Format_in_National_ID_Systems_(Idc),Digital_Signature_Regulation/PKI_for_Service_Delivery_(Idc),ITU_Global_Cybersecurity_Index_GCI_(Idc),UN_Human_Capital_Index_HCI_(Idc),Government_Program_for_Digital_Skills_Improvement_(Idc),Government_Program_for_Public_Sector_Innovation_Improvement_(Idc),Government_Entitiy_for_Public_Sector_Innovation_(Idc),Government_Policy_for_GovTech_Startups/Private_Sector_Investments_(Idc)
Afghanistan,AFG,2020,0.4418,0.3536,0.4986,0.6161,0.2990,,,,,,,,,,,,,,,,,,,,,,,,,,,,,,,,,,,,,,,,,,,,,,,
Afghanistan,AFG,2022,0.3536,0.4146,0.5468,0.1314,0.3217,0.0000,0.0000,12.0000,0.0000,6.0000,6.0000,6.0000,6.0000,6.0000,3.0000,12.0000,9.0000,6.0000,0.0000,4.5000,2.2404,0.0000,3.3240,0.0000,9.0000,9.0000,9.0000,0.0000,9.0000,9.0000,1.1592,0.0000,0.0000,6.0000,0.0000,0.0000,0.0000,0.0000,9.0000,0.0000,6.0000,0.0000,0.0000,1.0000,1.0000,6.0000,0.6244,4.1916,12.0000,12.0000,0.0000,0.0000
Albania,ALB,2020,0.7477,0.6055,0.8594,0.8571,0.6689,,,,,,,,,,,,,,,,,,,,,,,,,,,,,,,,,,,,,,,,,,,,,,,
Albania,ALB,2022,0.7521,0.7068,0.8575,0.7352,0.7089,6.0000,0.0000,12.0000,12.0000,6.0000,6.0000,6.0000,6.0000,6.0000,6.0000,12.0000,9.0000,6.0000,9.0000,0.0000,7.2444,4.5000,9.8184,9.0000,9.0000,9.0000,9.0000,4.5000,9.0000,9.0000,4.5684,4.5000,4.5000,6.0000,6.0000,4.5000,12.0000,0.0000,9.0000,12.0000,6.0000,6.0000,6.0000,1.0000,1.0000,9.0000,7.7185,9.6264,6.0000,6.0000,12.0000,4.5000
Algeria,DZA,2020,0.2811,0.3232,0.3647,0.1220,0.3144,,,,,,,,,,,,,,,,,,,,,,,,,,,,,,,,,,,,,,,,,,,,,,,
Algeria,DZA,2022,0.5019,0.4932,0.6892,0.3094,0.5157,6.0000,0.0000,6.0000,0.0000,6.0000,3.0000,6.0000,6.0000,6.0000,3.0000,12.0000,9.0000,6.0000,0.0000,0.0000,7.3596,4.5000,4.4916,4.5000,4.5000,9.0000,9.0000,4.5000,9.0000,9.0000,1.3638,0.0000,4.5000,6.0000,0.0000,0.0000,12.0000,0.0000,3.0000,6.0000,3.0000,6.0000,6.0000,1.0000,1.0000,6.0000,4.0740,8.3472,6.0000,6.0000,6.0000,4.5000
Andorra,ADO,2020,0.3361,0.2356,0.6616,0.1280,0.3192,,,,,,,,,,,,,,,,,,,,,,,,,,,,,,,,,,,,,,,,,,,,,,,
Andorra,AND,2022,0.2529,0.1958,0.5549,0.0413,0.2197,0.0000,0.0000,6.0000,0.0000,6.0000,0.0000,6.0000,0.0000,0.0000,0.0000,6.0000,0.0000,6.0000,0.0000,0.0000,10.5744,0.0000,6.1596,9.0000,9.0000,9.0000,9.0000,0.0000,9.0000,0.0000,2.2500,0.0000,0.0000,0.0000,0.0000,0.0000,0.0000,0.0000,6.0000,0.0000,0.0000,6.0000,6.0000,1.0000,1.0000,9.0000,3.1654,9.1020,0.0000,0.0000,0.0000,0.0000
Angola,AGO,2020,0.4808,0.3979,0.6157,0.5298,0.3800,,,,,,,,,,,,,,,,,,,,,,,,,,,,,,,,,,,,,,,,,,,,,,,
Angola,AGO,2022,0.4469,0.4358,0.5647,0.2206,0.5664,0.0000,0.0000,0.0000,0.0000,6.0000,6.0000,6.0000,6.0000,6.0000,6.0000,12.0000,9.0000,6.0000,9.0000,0.0000,2.4048,4.5000,5.6592,4.5000,9.0000,4.5000,9.0000,9.0000,4.5000,0.0000,1.0230,0.0000,0.0000,0.0000,6.0000,0.0000,12.0000,6.0000,9.0000,12.0000,6.0000,6.0000,6.0000,1.0000,1.0000,3.0000,1.5593,5.5776,6.0000,0.0000,12.0000,0.0000
Antigua and Barbuda,ATG,2020,0.3070,0.2789,0.5563,0.1220,0.2707,,,,,,,,,,,,,,,,,,,,,,,,,,,,,,,,,,,,,,,,,,,,,,,
Antigua and Barbuda,ATG,2022,0.3480,0.4657,0.5493,0.0463,0.3307,6.0000,0.0000,0.0000,6.0000,6.0000,3.0000,6.0000,6.0000,6.0000,6.0000,12.0000,9.0000,6.0000,0.0000,0.0000,7.1772,0.0000,5.0772,9.0000,4.5000,4.5000,4.5000,4.5000,4.5000,0.0000,2.5230,0.0000,0.0000,0.0000,0.0000,0.0000,6.0000,6.0000,3.0000,0.0000,6.0000,6.0000,6.0000,0.0000,0.0000,6.0000,1.8738,9.7536,0.0000,0.0000,6.0000,0.0000
Argentina,ARG,2020,0.8681,0.7572,0.9087,0.8809,0.9256,,,,,,,,,,,,,,,,,,,,,,,,,,,,,,,,,,,,,,,,,,,,,,,
Argentina,ARG,2022,0.7595,0.7564,0.8904,0.7410,0.6502,12.0000,0.0000,12.0000,12.0000,6.0000,6.0000,6.0000,6.0000,6.0000,6.0000,12.0000,9.0000,6.0000,9.0000,4.5000,8.7984,4.5000,9.7068,9.0000,9.0000,9.0000,9.0000,9.0000,9.0000,9.0000,3.8862,4.5000,4.5000,6.0000,6.0000,4.5000,12.0000,12.0000,6.0000,12.0000,6.0000,6.0000,6.0000,1.0000,1.0000,9.0000,6.0143,11.0076,6.0000,6.0000,12.0000,0.0000
Armenia,ARM,2020,0.5833,0.3991,0.7714,0.7083,0.4545,,,,,,,,,,,,,,,,,,,,,,,,,,,,,,,,,,,,,,,,,,,,,,,
Armenia,ARM,2022,0.7220,0.7050,0.8463,0.7060,0.6307,6.0000,6.0000,12.0000,12.0000,3.0000,6.0000,6.0000,6.0000,6.0000,3.0000,12.0000,9.0000,6.0000,4.5000,0.0000,8.3100,4.5000,8.6652,4.5000,9.0000,9.0000,9.0000,9.0000,9.0000,9.0000,3.4770,4.5000,0.0000,6.0000,6.0000,4.5000,12.0000,12.0000,9.0000,12.0000,6.0000,6.0000,6.0000,1.0000,1.0000,9.0000,6.0569,9.5340,0.0000,6.0000,0.0000,4.5000
Australia,AUS,2020,0.9032,0.7917,0.9373,0.9494,0.9344,,,,,,,,,,,,,,,,,,,,,,,,,,,,,,,,,,,,,,,,,,,,,,,
Australia,AUS,2022,0.8113,0.8358,0.7840,0.8153,0.8099,12.0000,12.0000,12.0000,12.0000,6.0000,6.0000,6.0000,6.0000,6.0000,6.0000,12.0000,9.0000,6.0000,0.0000,4.5000,10.6032,9.0000,11.2560,9.0000,9.0000,9.0000,9.0000,4.5000,0.0000,9.0000,5.9316,4.5000,4.5000,6.0000,6.0000,4.5000,12.0000,12.0000,9.0000,12.0000,6.0000,6.0000,6.0000,0.0000,0.0000,9.0000,11.6961,12.0000,12.0000,0.0000,12.0000,4.5000
Austria,AUT,2020,0.9197,0.8582,0.9849,0.9107,0.9249,,,,,,,,,,,,,,,,,,,,,,,,,,,,,,,,,,,,,,,,,,,,,,,
Austria,AUT,2022,0.8925,0.8918,0.9766,0.8098,0.8916,12.0000,12.0000,12.0000,12.0000,6.0000,6.0000,6.0000,6.0000,6.0000,6.0000,12.0000,9.0000,6.0000,9.0000,4.5000,10.2060,9.0000,10.5924,9.0000,9.0000,9.0000,9.0000,9.0000,9.0000,9.0000,4.6362,4.5000,4.5000,6.0000,6.0000,4.5000,12.0000,12.0000,9.0000,12.0000,6.0000,6.0000,6.0000,1.0000,1.0000,9.0000,11.2672,10.8840,12.0000,6.0000,12.0000,4.5000
Azerbaijan,AZE,2020,0.6041,0.4578,0.8207,0.4226,0.7152,,,,,,,,,,,,,,,,,,,,,,,,,,,,,,,,,,,,,,,,,,,,,,,
Azerbaijan,AZE,2022,0.7747,0.6939,0.9354,0.8407,0.6290,12.0000,0.0000,12.0000,12.0000,6.0000,6.0000,6.0000,6.0000,6.0000,6.0000,12.0000,9.0000,6.0000,0.0000,4.5000,8.1132,0.0000,7.3428,9.0000,9.0000,9.0000,9.0000,9.0000,9.0000,9.0000,2.3184,4.5000,4.5000,6.0000,6.0000,4.5000,12.0000,0.0000,3.0000,6.0000,6.0000,6.0000,6.0000,1.0000,1.0000,9.0000,10.7172,9.5184,0.0000,6.0000,12.0000,4.5000
Bahamas,BHS,2020,0.4157,0.3770,0.8600,0.1548,0.2709,,,,,,,,,,,,,,,,,,,,,,,,,,,,,,,,,,,,,,,,,,,,,,,
Bahamas,BHS,2022,0.4873,0.5600,0.8782,0.1722,0.3388,12.0000,0.0000,6.0000,0.0000,6.0000,6.0000,6.0000,6.0000,6.0000,6.0000,12.0000,9.0000,6.0000,0.0000,0.0000,9.5712,4.5000,7.4568,9.0000,9.0000,9.0000,9.0000,9.0000,9.0000,9.0000,2.3862,0.0000,0.0000,0.0000,6.0000,0.0000,12.0000,0.0000,3.0000,6.0000,6.0000,6.0000,6.0000,0.0000,0.0000,3.0000,1.6040,9.1692,0.0000,0.0000,0.0000,4.5000
Bahrain,BHR,2020,0.5093,0.4470,0.6062,0.3601,0.6240,,,,,,,,,,,,,,,,,,,,,,,,,,,,,,,,,,,,,,,,,,,,,,,
Bahrain,BHR,2022,0.8285,0.7405,0.7964,0.9204,0.8567,12.0000,12.0000,12.0000,12.0000,6.0000,0.0000,6.0000,6.0000,6.0000,6.0000,12.0000,9.0000,6.0000,0.0000,0.0000,8.9328,9.0000,9.0276,9.0000,9.0000,0.0000,9.0000,9.0000,9.0000,9.0000,2.6592,4.5000,4.5000,6.0000,6.0000,4.5000,12.0000,12.0000,9.0000,12.0000,0.0000,6.0000,6.0000,1.0000,1.0000,9.0000,9.3431,9.7848,12.0000,6.0000,12.0000,4.5000
Bangladesh,BGD,2020,0.7151,0.6968,0.6510,0.7679,0.7449,,,,,,,,,,,,,,,,,,,,,,,,,,,,,,,,,,,,,,,,,,,,,,,
Bangladesh,BGD,2022,0.8448,0.9151,0.7070,0.8374,0.9198,12.0000,12.0000,12.0000,12.0000,6.0000,6.0000,6.0000,6.0000,6.0000,6.0000,12.0000,9.0000,6.0000,9.0000,0.0000,5.3628,9.0000,7.8252,9.0000,4.5000,0.0000,9.0000,4.5000,9.0000,9.0000,3.1362,4.5000,4.5000,6.0000,6.0000,4.5000,12.0000,12.0000,9.0000,12.0000,6.0000,6.0000,6.0000,1.0000,1.0000,9.0000,9.7524,7.0800,12.0000,12.0000,12.0000,4.5000
Barbados,BRB,2020,0.3691,0.4060,0.6409,0.1488,0.2808,,,,,,,,,,,,,,,,,,,,,,,,,,,,,,,,,,,,,,,,,,,,,,,
Barbados,BRB,2022,0.3547,0.3859,0.6793,0.0438,0.3097,0.0000,0.0000,0.0000,0.0000,6.0000,3.0000,6.0000,6.0000,6.0000,6.0000,12.0000,9.0000,6.0000,0.0000,0.0000,8.7816,0.0000,6.4656,4.5000,9.0000,9.0000,9.0000,9.0000,9.0000,0.0000,2.3862,0.0000,0.0000,0.0000,0.0000,0.0000,12.0000,0.0000,6.0000,0.0000,3.0000,6.0000,3.0000,1.0000,1.0000,3.0000,2.0273,10.3740,0.0000,0.0000,12.0000,0.0000
Belarus,BLR,2020,0.5398,0.5526,0.8207,0.3542,0.4319,,,,,,,,,,,,,,,,,,,,,,,,,,,,,,,,,,,,,,,,,,,,,,,
Belarus,BLR,2022,0.4067,0.5231,0.6346,0.1668,0.3021,12.0000,0.0000,0.0000,0.0000,6.0000,3.0000,6.0000,6.0000,6.0000,6.0000,12.0000,9.0000,6.0000,0.0000,0.0000,10.1112,9.0000,6.3624,9.0000,9.0000,9.0000,9.0000,0.0000,9.0000,9.0000,2.5908,0.0000,4.5000,0.0000,0.0000,0.0000,12.0000,0.0000,6.0000,0.0000,0.0000,6.0000,6.0000,1.0000,1.0000,9.0000,6.0680,10.8132,0.0000,0.0000,0.0000,0.0000
Belgium,BEL,2020,0.8153,0.7979,0.8073,0.7262,0.9297,,,,,,,,,,,,,,,,,,,,,,,,,,,,,,,,,,,,,,,,,,,,,,,
Belgium,BEL,2022,0.8035,0.8002,0.9445,0.6922,0.7771,12.0000,6.0000,12.0000,12.0000,6.0000,6.0000,6.0000,6.0000,6.0000,6.0000,12.0000,9.0000,6.0000,0.0000,4.5000,9.9528,9.0000,8.2788,9.0000,9.0000,9.0000,9.0000,9.0000,9.0000,9.0000,2.7270,4.5000,4.5000,6.0000,6.0000,0.0000,12.0000,12.0000,6.0000,6.0000,6.0000,6.0000,6.0000,1.0000,1.0000,9.0000,11.5505,11.5368,12.0000,12.0000,12.0000,4.5000
Belize,BLZ,2020,0.3138,0.3464,0.5042,0.0744,0.3304,,,,,,,,,,,,,,,,,,,,,,,,,,,,,,,,,,,,,,,,,,,,,,,
Belize,BLZ,2022,0.3313,0.4101,0.5613,0.0225,0.3314,12.0000,0.0000,0.0000,0.0000,6.0000,6.0000,6.0000,6.0000,6.0000,6.0000,12.0000,9.0000,6.0000,0.0000,0.0000,4.6584,0.0000,5.3100,4.5000,9.0000,9.0000,4.5000,4.5000,0.0000,9.0000,1.2270,0.0000,0.0000,0.0000,0.0000,0.0000,12.0000,0.0000,6.0000,12.0000,6.0000,3.0000,0.0000,0.0000,0.0000,3.0000,1.2348,8.0484,0.0000,0.0000,0.0000,4.5000
Benin,BEN,2020,0.3452,0.3948,0.5272,0.1369,0.3220,,,,,,,,,,,,,,,,,,,,,,,,,,,,,,,,,,,,,,,,,,,,,,,
Benin,BEN,2022,0.6783,0.6452,0.8038,0.5972,0.6669,0.0000,0.0000,12.0000,12.0000,6.0000,6.0000,6.0000,6.0000,6.0000,6.0000,12.0000,9.0000,6.0000,9.0000,0.0000,3.7872,9.0000,6.2940,9.0000,9.0000,4.5000,9.0000,9.0000,9.0000,9.0000,2.0454,4.5000,4.5000,0.0000,6.0000,4.5000,12.0000,12.0000,6.0000,12.0000,6.0000,6.0000,6.0000,1.0000,1.0000,9.0000,9.6077,5.2692,6.0000,6.0000,6.0000,4.5000
Bhutan,BTN,2020,0.5381,0.7438,0.5759,0.2411,0.5915,,,,,,,,,,,,,,,,,,,,,,,,,,,,,,,,,,,,,,,,,,,,,,,
Bhutan,BTN,2022,0.5953,0.8120,0.7203,0.3173,0.5314,12.0000,12.0000,12.0000,12.0000,6.0000,3.0000,6.0000,6.0000,6.0000,6.0000,12.0000,9.0000,6.0000,9.0000,4.5000,6.3132,4.5000,7.1952,9.0000,9.0000,9.0000,9.0000,0.0000,9.0000,9.0000,2.7954,0.0000,0.0000,0.0000,6.0000,4.5000,12.0000,12.0000,3.0000,12.0000,0.0000,6.0000,3.0000,1.0000,1.0000,3.0000,2.2012,6.3660,12.0000,0.0000,0.0000,4.5000
Bolivia,BOL,2020,0.5540,0.6131,0.5474,0.5238,0.5316,,,,,,,,,,,,,,,,,,,,,,,,,,,,,,,,,,,,,,,,,,,,,,,
Bolivia,BOL,2022,0.5312,0.6584,0.8226,0.2919,0.3519,6.0000,0.0000,12.0000,12.0000,6.0000,6.0000,6.0000,6.0000,6.0000,6.0000,12.0000,9.0000,6.0000,9.0000,9.0000,6.9816,0.0000,6.2316,4.5000,9.0000,9.0000,9.0000,9.0000,9.0000,9.0000,1.9092,4.5000,4.5000,0.0000,0.0000,0.0000,12.0000,0.0000,6.0000,0.0000,3.0000,3.0000,0.0000,1.0000,1.0000,9.0000,1.9366,8.9796,6.0000,6.0000,0.0000,0.0000
Bosnia and Herzegovina,BIH,2020,0.3773,0.4209,0.5339,0.2351,0.3194,,,,,,,,,,,,,,,,,,,,,,,,,,,,,,,,,,,,,,,,,,,,,,,
Bosnia and Herzegovina,BIH,2022,0.2712,0.4636,0.2852,0.1597,0.1763,0.0000,0.0000,12.0000,0.0000,6.0000,6.0000,6.0000,6.0000,3.0000,6.0000,12.0000,9.0000,6.0000,9.0000,0.0000,7.6584,0.0000,5.8776,4.5000,9.0000,9.0000,0.0000,0.0000,0.0000,0.0000,3.2046,4.5000,0.0000,0.0000,0.0000,0.0000,0.0000,0.0000,3.0000,0.0000,6.0000,6.0000,6.0000,1.0000,1.0000,0.0000,3.5333,8.9868,0.0000,0.0000,0.0000,0.0000
Botswana,BWA,2020,0.3725,0.4512,0.5328,0.1756,0.3303,,,,,,,,,,,,,,,,,,,,,,,,,,,,,,,,,,,,,,,,,,,,,,,
Botswana,BWA,2022,0.3690,0.5542,0.5222,0.1380,0.2615,0.0000,12.0000,12.0000,0.0000,6.0000,6.0000,6.0000,6.0000,6.0000,6.0000,12.0000,9.0000,6.0000,0.0000,4.5000,8.1768,0.0000,3.2880,4.5000,9.0000,9.0000,0.0000,9.0000,0.0000,9.0000,1.0230,0.0000,4.5000,0.0000,0.0000,0.0000,12.0000,0.0000,9.0000,0.0000,0.0000,6.0000,3.0000,1.0000,1.0000,3.0000,6.3667,8.3184,0.0000,0.0000,0.0000,0.0000
Brazil,BRA,2020,0.9176,0.9284,0.9154,0.9137,0.9128,,,,,,,,,,,,,,,,,,,,,,,,,,,,,,,,,,,,,,,,,,,,,,,
Brazil,BRA,2022,0.9750,0.9802,0.9685,0.9704,0.9808,12.0000,12.0000,12.0000,12.0000,6.0000,6.0000,6.0000,6.0000,6.0000,6.0000,12.0000,9.0000,6.0000,9.0000,9.0000,8.1768,9.0000,10.7568,9.0000,9.0000,9.0000,9.0000,9.0000,9.0000,9.0000,5.3862,4.5000,4.5000,6.0000,6.0000,4.5000,12.0000,12.0000,9.0000,12.0000,6.0000,6.0000,6.0000,1.0000,1.0000,9.0000,11.5918,9.5436,12.0000,12.0000,12.0000,4.5000
Brunei Darussalam,BRN,2020,0.4370,0.4227,0.7529,0.1369,0.4355,,,,,,,,,,,,,,,,,,,,,,,,,,,,,,,,,,,,,,,,,,,,,,,
Brunei Darussalam,BRN,2022,0.6551,0.5516,0.8402,0.6214,0.6070,12.0000,6.0000,6.0000,0.0000,6.0000,3.0000,6.0000,6.0000,6.0000,6.0000,12.0000,4.5000,0.0000,0.0000,0.0000,10.0464,4.5000,7.0452,4.5000,9.0000,9.0000,9.0000,9.0000,9.0000,9.0000,2.8638,0.0000,4.5000,6.0000,6.0000,4.5000,12.0000,12.0000,9.0000,12.0000,0.0000,3.0000,0.0000,1.0000,1.0000,6.0000,6.7287,9.0804,6.0000,6.0000,6.0000,4.5000
Bulgaria,BGR,2020,0.6158,0.6552,0.7440,0.4732,0.5909,,,,,,,,,,,,,,,,,,,,,,,,,,,,,,,,,,,,,,,,,,,,,,,
Bulgaria,BGR,2022,0.6813,0.7020,0.8448,0.4666,0.7119,12.0000,12.0000,12.0000,6.0000,6.0000,6.0000,6.0000,6.0000,6.0000,6.0000,12.0000,9.0000,6.0000,0.0000,4.5000,9.5808,4.5000,8.5104,4.5000,9.0000,9.0000,9.0000,9.0000,9.0000,9.0000,4.4316,4.5000,4.5000,0.0000,6.0000,0.0000,12.0000,6.0000,6.0000,6.0000,6.0000,6.0000,6.0000,1.0000,1.0000,9.0000,8.0859,9.8652,12.0000,12.0000,12.0000,4.5000
Burkina Faso,BFA,2020,0.4623,0.4338,0.4185,0.3780,0.6188,,,,,,,,,,,,,,,,,,,,,,,,,,,,,,,,,,,,,,,,,,,,,,,
Burkina Faso,BFA,2022,0.6390,0.5811,0.5143,0.8048,0.6557,6.0000,0.0000,12.0000,0.0000,6.0000,3.0000,6.0000,6.0000,6.0000,6.0000,12.0000,9.0000,6.0000,0.0000,4.5000,4.7172,0.0000,4.4760,4.5000,9.0000,0.0000,4.5000,0.0000,4.5000,9.0000,1.3638,4.5000,4.5000,6.0000,6.0000,4.5000,12.0000,12.0000,9.0000,12.0000,6.0000,6.0000,6.0000,1.0000,1.0000,6.0000,4.7980,3.3216,12.0000,0.0000,12.0000,0.0000
Burundi,BDI,2020,0.2593,0.3030,0.3389,0.1667,0.2284,,,,,,,,,,,,,,,,,,,,,,,,,,,,,,,,,,,,,,,,,,,,,,,
Burundi,BDI,2022,0.4135,0.4143,0.6316,0.4320,0.1762,6.0000,0.0000,0.0000,0.0000,6.0000,3.0000,6.0000,6.0000,6.0000,6.0000,12.0000,9.0000,6.0000,0.0000,0.0000,1.6800,0.0000,4.0512,4.5000,4.5000,0.0000,9.0000,9.0000,9.0000,9.0000,2.0454,0.0000,0.0000,0.0000,6.0000,4.5000,12.0000,0.0000,6.0000,0.0000,0.0000,0.0000,0.0000,1.0000,0.0000,0.0000,0.2074,5.8044,0.0000,0.0000,0.0000,4.5000
Cabo Verde,CPV,2020,0.5109,0.4387,0.7143,0.2708,0.6197,,,,,,,,,,,,,,,,,,,,,,,,,,,,,,,,,,,,,,,,,,,,,,,
Cabo Verde,CPV,2022,0.8220,0.9099,0.7860,0.8257,0.7664,12.0000,6.0000,12.0000,12.0000,6.0000,6.0000,6.0000,6.0000,6.0000,6.0000,12.0000,9.0000,6.0000,9.0000,4.5000,6.6084,9.0000,5.9580,9.0000,9.0000,9.0000,9.0000,0.0000,9.0000,9.0000,1.5000,4.5000,4.5000,6.0000,6.0000,4.5000,12.0000,12.0000,9.0000,12.0000,3.0000,6.0000,6.0000,1.0000,1.0000,9.0000,2.1288,7.8084,6.0000,6.0000,12.0000,4.5000
Cambodia,KHM,2020,0.4514,0.4386,0.5104,0.5417,0.3149,,,,,,,,,,,,,,,,,,,,,,,,,,,,,,,,,,,,,,,,,,,,,,,
Cambodia,KHM,2022,0.5839,0.7005,0.7186,0.3249,0.5918,12.0000,6.0000,6.0000,12.0000,6.0000,6.0000,6.0000,6.0000,6.0000,6.0000,12.0000,0.0000,6.0000,0.0000,4.5000,6.7260,9.0000,5.0172,9.0000,9.0000,9.0000,9.0000,9.0000,0.0000,9.0000,1.7046,0.0000,0.0000,6.0000,6.0000,0.0000,12.0000,0.0000,9.0000,12.0000,3.0000,3.0000,3.0000,1.0000,1.0000,3.0000,2.2939,6.4560,12.0000,12.0000,12.0000,4.5000
Cameroon,CMR,2020,0.3340,0.3103,0.4678,0.1875,0.3702,,,,,,,,,,,,,,,,,,,,,,,,,,,,,,,,,,,,,,,,,,,,,,,
Cameroon,CMR,2022,0.3917,0.4213,0.4922,0.3524,0.3007,0.0000,0.0000,0.0000,0.0000,6.0000,6.0000,6.0000,6.0000,6.0000,6.0000,12.0000,9.0000,6.0000,9.0000,0.0000,4.3800,0.0000,4.6992,0.0000,9.0000,9.0000,4.5000,4.5000,9.0000,0.0000,1.7046,0.0000,4.5000,0.0000,6.0000,0.0000,12.0000,0.0000,3.0000,0.0000,3.0000,3.0000,0.0000,1.0000,1.0000,9.0000,5.4752,7.1136,6.0000,0.0000,0.0000,0.0000
Canada,CAN,2020,0.8987,0.8434,0.9070,0.9851,0.8593,,,,,,,,,,,,,,,,,,,,,,,,,,,,,,,,,,,,,,,,,,,,,,,
Canada,CAN,2022,0.7691,0.7688,0.8564,0.7794,0.6716,12.0000,12.0000,12.0000,12.0000,6.0000,6.0000,6.0000,6.0000,6.0000,6.0000,12.0000,9.0000,6.0000,9.0000,4.5000,9.3240,9.0000,10.2048,9.0000,9.0000,9.0000,9.0000,9.0000,9.0000,9.0000,4.9770,4.5000,4.5000,6.0000,6.0000,4.5000,12.0000,12.0000,9.0000,6.0000,6.0000,6.0000,6.0000,0.0000,0.0000,9.0000,11.7209,11.1120,6.0000,12.0000,12.0000,4.5000
Central African Republic,CAF,2020,0.1488,0.1909,0.2274,0.1191,0.0578,,,,,,,,,,,,,,,,,,,,,,,,,,,,,,,,,,,,,,,,,,,,,,,
Central African Republic,CAF,2022,0.1710,0.2140,0.2151,0.1343,0.1206,0.0000,0.0000,0.0000,0.0000,6.0000,6.0000,6.0000,6.0000,0.0000,0.0000,12.0000,0.0000,6.0000,0.0000,0.0000,0.9996,0.0000,1.1544,0.0000,0.0000,0.0000,9.0000,0.0000,9.0000,0.0000,0.8184,0.0000,4.5000,0.0000,0.0000,0.0000,6.0000,0.0000,0.0000,0.0000,0.0000,0.0000,0.0000,1.0000,0.0000,0.0000,0.3892,2.9100,0.0000,0.0000,12.0000,0.0000
Chad,TCD,2020,0.1758,0.2416,0.2476,0.0655,0.1487,,,,,,,,,,,,,,,,,,,,,,,,,,,,,,,,,,,,,,,,,,,,,,,
Chad,TCD,2022,0.1793,0.2734,0.0318,0.1543,0.2578,0.0000,0.0000,0.0000,0.0000,6.0000,0.0000,6.0000,6.0000,3.0000,3.0000,12.0000,9.0000,6.0000,0.0000,0.0000,1.4292,0.0000,3.2712,0.0000,0.0000,0.0000,0.0000,0.0000,0.0000,0.0000,1.9092,0.0000,4.5000,0.0000,0.0000,0.0000,12.0000,0.0000,0.0000,0.0000,0.0000,6.0000,6.0000,1.0000,1.0000,0.0000,4.8529,2.1036,0.0000,0.0000,12.0000,0.0000
Chile,CHL,2020,0.8533,0.8066,0.8627,0.8393,0.9047,,,,,,,,,,,,,,,,,,,,,,,,,,,,,,,,,,,,,,,,,,,,,,,
Chile,CHL,2022,0.7543,0.7720,0.8343,0.6818,0.7289,12.0000,12.0000,12.0000,12.0000,6.0000,6.0000,6.0000,6.0000,6.0000,6.0000,12.0000,9.0000,6.0000,9.0000,0.0000,9.5988,9.0000,9.9360,9.0000,9.0000,9.0000,0.0000,9.0000,9.0000,9.0000,4.1592,4.5000,4.5000,6.0000,6.0000,0.0000,12.0000,12.0000,9.0000,12.0000,6.0000,6.0000,0.0000,1.0000,1.0000,9.0000,8.2593,10.6236,12.0000,12.0000,12.0000,0.0000
China,CHN,2020,0.7100,0.7110,0.8779,0.4077,0.8432,,,,,,,,,,,,,,,,,,,,,,,,,,,,,,,,,,,,,,,,,,,,,,,
China,CHN,2022,0.6650,0.5809,0.8413,0.6272,0.6105,12.0000,0.0000,0.0000,6.0000,6.0000,3.0000,6.0000,6.0000,6.0000,6.0000,12.0000,9.0000,6.0000,9.0000,4.5000,9.6600,9.0000,10.6512,9.0000,9.0000,9.0000,9.0000,9.0000,9.0000,9.0000,5.1816,4.5000,4.5000,6.0000,6.0000,0.0000,12.0000,12.0000,9.0000,6.0000,6.0000,6.0000,6.0000,1.0000,1.0000,9.0000,11.1041,8.9148,12.0000,0.0000,12.0000,0.0000
Chinese Taipei,TWN,2020,0.6735,0.6456,0.9333,0.3333,0.7818,,,,,,,,,,,,,,,,,,,,,,,,,,,,,,,,,,,,,,,,,,,,,,,
Colombia,COL,2020,0.8540,0.8079,0.8852,0.9256,0.7973,,,,,,,,,,,,,,,,,,,,,,,,,,,,,,,,,,,,,,,,,,,,,,,
Colombia,COL,2022,0.8638,0.9107,0.8825,0.9320,0.7300,12.0000,12.0000,12.0000,12.0000,6.0000,6.0000,6.0000,6.0000,6.0000,6.0000,12.0000,9.0000,6.0000,9.0000,4.5000,7.7976,9.0000,8.9016,9.0000,9.0000,9.0000,9.0000,9.0000,9.0000,9.0000,4.2954,4.5000,4.5000,6.0000,6.0000,4.5000,12.0000,6.0000,9.0000,12.0000,6.0000,6.0000,6.0000,1.0000,1.0000,9.0000,7.6470,9.4404,6.0000,6.0000,12.0000,0.0000
Comoros,COM,2020,0.1372,0.2295,0.1781,0.0298,0.1113,,,,,,,,,,,,,,,,,,,,,,,,,,,,,,,,,,,,,,,,,,,,,,,
Comoros,COM,2022,0.2623,0.3784,0.1397,0.2031,0.3280,0.0000,6.0000,6.0000,0.0000,6.0000,0.0000,0.0000,6.0000,0.0000,6.0000,12.0000,9.0000,6.0000,0.0000,0.0000,3.9600,9.0000,0.3912,4.5000,0.0000,0.0000,4.5000,0.0000,0.0000,0.0000,0.0684,0.0000,0.0000,0.0000,6.0000,0.0000,12.0000,12.0000,0.0000,6.0000,3.0000,3.0000,0.0000,1.0000,1.0000,0.0000,0.4469,5.6520,0.0000,0.0000,12.0000,0.0000
"Congo, Dem. Rep.",ZAR,2020,0.2312,0.2669,0.2751,0.1339,0.2489,,,,,,,,,,,,,,,,,,,,,,,,,,,,,,,,,,,,,,,,,,,,,,,
"Congo, Dem. Rep.",COD,2022,0.2988,0.3509,0.2506,0.3303,0.2633,0.0000,0.0000,0.0000,0.0000,6.0000,0.0000,6.0000,6.0000,3.0000,3.0000,12.0000,9.0000,6.0000,0.0000,0.0000,1.7724,4.5000,2.8092,0.0000,4.5000,4.5000,0.0000,0.0000,0.0000,9.0000,1.5000,0.0000,4.5000,0.0000,6.0000,0.0000,12.0000,6.0000,9.0000,0.0000,0.0000,3.0000,3.0000,0.0000,0.0000,0.0000,0.6356,6.4260,0.0000,0.0000,6.0000,0.0000
"Congo, Rep.",COG,2020,0.2451,0.2637,0.3288,0.0685,0.3196,,,,,,,,,,,,,,,,,,,,,,,,,,,,,,,,,,,,,,,,,,,,,,,
"Congo, Rep.",COG,2022,0.1651,0.2741,0.1535,0.0263,0.2063,0.0000,0.0000,0.0000,0.0000,6.0000,0.0000,0.0000,6.0000,6.0000,6.0000,12.0000,9.0000,6.0000,0.0000,0.0000,2.6040,0.0000,3.8124,0.0000,0.0000,0.0000,9.0000,0.0000,0.0000,0.0000,1.4316,0.0000,0.0000,0.0000,0.0000,0.0000,12.0000,0.0000,9.0000,0.0000,0.0000,0.0000,0.0000,1.0000,1.0000,0.0000,1.7661,6.8124,6.0000,0.0000,0.0000,0.0000
Costa Rica,CRI,2020,0.5573,0.5234,0.7188,0.3304,0.6567,,,,,,,,,,,,,,,,,,,,,,,,,,,,,,,,,,,,,,,,,,,,,,,
Costa Rica,CRI,2022,0.5117,0.6608,0.5745,0.3182,0.4933,6.0000,6.0000,6.0000,6.0000,6.0000,6.0000,6.0000,6.0000,6.0000,6.0000,12.0000,9.0000,6.0000,9.0000,4.5000,9.0864,9.0000,8.1744,9.0000,4.5000,9.0000,4.5000,9.0000,0.0000,9.0000,3.3408,4.5000,4.5000,0.0000,0.0000,0.0000,12.0000,0.0000,9.0000,6.0000,0.0000,6.0000,6.0000,1.0000,1.0000,9.0000,8.0943,10.3116,6.0000,6.0000,6.0000,0.0000
Côte d'Ivoire,CIV,2020,0.4825,0.3297,0.5104,0.6429,0.4473,,,,,,,,,,,,,,,,,,,,,,,,,,,,,,,,,,,,,,,,,,,,,,,
Côte d'Ivoire,CIV,2022,0.4590,0.3713,0.5734,0.3899,0.5014,0.0000,0.0000,0.0000,0.0000,3.0000,3.0000,6.0000,6.0000,6.0000,6.0000,12.0000,9.0000,6.0000,0.0000,0.0000,6.2232,0.0000,6.5604,4.5000,0.0000,9.0000,9.0000,4.5000,4.5000,9.0000,2.2500,4.5000,4.5000,0.0000,6.0000,0.0000,12.0000,0.0000,9.0000,0.0000,6.0000,6.0000,6.0000,1.0000,1.0000,6.0000,8.1388,6.8976,12.0000,6.0000,12.0000,0.0000
Croatia,HRV,2020,0.7626,0.6280,0.7865,0.8482,0.7877,,,,,,,,,,,,,,,,,,,,,,,,,,,,,,,,,,,,,,,,,,,,,,,
Croatia,HRV,2022,0.7608,0.8344,0.8566,0.6685,0.6839,12.0000,6.0000,12.0000,12.0000,6.0000,6.0000,6.0000,6.0000,6.0000,6.0000,12.0000,9.0000,6.0000,9.0000,4.5000,9.2532,9.0000,9.7296,4.5000,9.0000,9.0000,9.0000,9.0000,9.0000,9.0000,4.4316,4.5000,4.5000,6.0000,6.0000,0.0000,12.0000,12.0000,3.0000,6.0000,6.0000,6.0000,6.0000,1.0000,1.0000,9.0000,11.1031,10.2000,6.0000,0.0000,12.0000,4.5000
Cuba,CUB,2020,0.4502,0.3001,0.4549,0.5059,0.5398,,,,,,,,,,,,,,,,,,,,,,,,,,,,,,,,,,,,,,,,,,,,,,,
Cuba,CUB,2022,0.3361,0.2876,0.3674,0.2719,0.4174,0.0000,0.0000,0.0000,0.0000,6.0000,0.0000,6.0000,6.0000,3.0000,0.0000,12.0000,0.0000,6.0000,0.0000,4.5000,4.3956,9.0000,3.3468,0.0000,9.0000,0.0000,9.0000,4.5000,9.0000,0.0000,0.8184,0.0000,0.0000,6.0000,6.0000,0.0000,12.0000,0.0000,9.0000,0.0000,0.0000,6.0000,0.0000,1.0000,1.0000,6.0000,7.0509,10.0608,6.0000,6.0000,12.0000,0.0000
Cyprus,CYP,2020,0.6813,0.5580,0.8202,0.8214,0.5255,,,,,,,,,,,,,,,,,,,,,,,,,,,,,,,,,,,,,,,,,,,,,,,
Cyprus,CYP,2022,0.7204,0.6877,0.8820,0.4587,0.8530,6.0000,6.0000,12.0000,12.0000,6.0000,6.0000,6.0000,6.0000,3.0000,3.0000,12.0000,9.0000,6.0000,0.0000,0.0000,11.1036,9.0000,9.3504,9.0000,9.0000,9.0000,4.5000,9.0000,9.0000,9.0000,4.5000,0.0000,4.5000,0.0000,6.0000,0.0000,12.0000,12.0000,9.0000,12.0000,6.0000,6.0000,6.0000,1.0000,1.0000,6.0000,10.6583,10.7208,12.0000,12.0000,6.0000,4.5000
Czech Republic,CZE,2020,0.6991,0.7751,0.7305,0.4316,0.8593,,,,,,,,,,,,,,,,,,,,,,,,,,,,,,,,,,,,,,,,,,,,,,,
Czech Republic,CZE,2022,0.7895,0.8422,0.8304,0.6351,0.8504,12.0000,12.0000,12.0000,12.0000,6.0000,3.0000,6.0000,6.0000,6.0000,6.0000,12.0000,9.0000,6.0000,0.0000,4.5000,10.1472,9.0000,8.0316,9.0000,9.0000,9.0000,9.0000,4.5000,9.0000,9.0000,3.6138,4.5000,4.5000,6.0000,6.0000,0.0000,12.0000,12.0000,6.0000,12.0000,6.0000,6.0000,6.0000,1.0000,1.0000,9.0000,8.9248,10.9368,6.0000,6.0000,12.0000,4.5000
Denmark,DNK,2020,0.9295,0.8704,0.9440,0.9077,0.9959,,,,,,,,,,,,,,,,,,,,,,,,,,,,,,,,,,,,,,,,,,,,,,,
Denmark,DNK,2022,0.8737,0.7747,0.9782,0.9324,0.8093,12.0000,12.0000,12.0000,0.0000,6.0000,6.0000,6.0000,6.0000,6.0000,6.0000,12.0000,9.0000,6.0000,9.0000,4.5000,11.7540,9.0000,11.7564,9.0000,9.0000,9.0000,9.0000,9.0000,9.0000,9.0000,5.3184,4.5000,4.5000,6.0000,6.0000,4.5000,12.0000,12.0000,6.0000,12.0000,6.0000,6.0000,6.0000,1.0000,1.0000,9.0000,11.1116,11.4708,6.0000,6.0000,12.0000,4.5000
Djibouti,DJI,2020,0.2113,0.2414,0.3020,0.1369,0.1648,,,,,,,,,,,,,,,,,,,,,,,,,,,,,,,,,,,,,,,,,,,,,,,
Djibouti,DJI,2022,0.2740,0.3490,0.2927,0.1318,0.3223,0.0000,0.0000,6.0000,6.0000,6.0000,0.0000,3.0000,6.0000,6.0000,6.0000,12.0000,4.5000,6.0000,0.0000,0.0000,3.3120,0.0000,2.6496,4.5000,0.0000,0.0000,0.0000,9.0000,0.0000,9.0000,0.6816,0.0000,4.5000,0.0000,0.0000,0.0000,12.0000,12.0000,3.0000,6.0000,0.0000,3.0000,3.0000,1.0000,1.0000,6.0000,0.2074,4.2348,0.0000,0.0000,0.0000,4.5000
Dominica,DMA,2020,0.2998,0.3073,0.5563,0.0893,0.2462,,,,,,,,,,,,,,,,,,,,,,,,,,,,,,,,,,,,,,,,,,,,,,,
Dominica,DMA,2022,0.2965,0.4038,0.4907,0.0100,0.2813,0.0000,6.0000,6.0000,0.0000,6.0000,3.0000,6.0000,6.0000,6.0000,6.0000,12.0000,0.0000,6.0000,0.0000,0.0000,9.1248,0.0000,3.5448,4.5000,9.0000,9.0000,9.0000,4.5000,0.0000,0.0000,0.5454,0.0000,0.0000,0.0000,0.0000,0.0000,12.0000,0.0000,3.0000,6.0000,0.0000,3.0000,0.0000,0.0000,0.0000,0.0000,0.5040,8.1720,6.0000,12.0000,0.0000,0.0000
Dominican Republic,DOM,2020,0.6973,0.5667,0.7423,0.7351,0.7451,,,,,,,,,,,,,,,,,,,,,,,,,,,,,,,,,,,,,,,,,,,,,,,
Dominican Republic,DOM,2022,0.8670,0.8444,0.9167,0.9399,0.7670,12.0000,6.0000,12.0000,6.0000,6.0000,6.0000,6.0000,6.0000,6.0000,6.0000,12.0000,9.0000,6.0000,9.0000,4.5000,6.6804,9.0000,7.4196,9.0000,9.0000,9.0000,9.0000,9.0000,9.0000,9.0000,2.7270,4.5000,4.5000,6.0000,6.0000,4.5000,12.0000,12.0000,9.0000,6.0000,6.0000,6.0000,0.0000,1.0000,1.0000,9.0000,9.0083,9.0468,6.0000,12.0000,12.0000,4.5000
Ecuador,ECU,2020,0.7246,0.6009,0.7558,0.9077,0.6340,,,,,,,,,,,,,,,,,,,,,,,,,,,,,,,,,,,,,,,,,,,,,,,
Ecuador,ECU,2022,0.8626,0.8696,0.9241,0.9124,0.7442,6.0000,6.0000,12.0000,12.0000,6.0000,6.0000,6.0000,6.0000,6.0000,6.0000,12.0000,9.0000,6.0000,9.0000,9.0000,6.3228,9.0000,9.1812,9.0000,9.0000,9.0000,9.0000,9.0000,9.0000,9.0000,4.2270,4.5000,4.5000,6.0000,6.0000,4.5000,12.0000,12.0000,9.0000,12.0000,6.0000,6.0000,6.0000,1.0000,1.0000,9.0000,3.1558,9.2976,6.0000,6.0000,12.0000,4.5000
Egypt,EGY,2020,0.6487,0.7272,0.6392,0.5446,0.6839,,,,,,,,,,,,,,,,,,,,,,,,,,,,,,,,,,,,,,,,,,,,,,,
Egypt,EGY,2022,0.7514,0.7827,0.7949,0.6259,0.8020,12.0000,12.0000,6.0000,12.0000,6.0000,6.0000,6.0000,6.0000,6.0000,6.0000,6.0000,9.0000,6.0000,0.0000,4.5000,6.6948,9.0000,6.8760,9.0000,9.0000,9.0000,9.0000,9.0000,9.0000,0.0000,2.1138,4.5000,4.5000,6.0000,6.0000,0.0000,12.0000,6.0000,9.0000,12.0000,3.0000,6.0000,3.0000,1.0000,1.0000,9.0000,11.4581,7.6500,12.0000,12.0000,12.0000,4.5000
El Salvador,SLV,2020,0.7193,0.5653,0.7838,0.7947,0.7335,,,,,,,,,,,,,,,,,,,,,,,,,,,,,,,,,,,,,,,,,,,,,,,
El Salvador,SLV,2022,0.7669,0.7376,0.9379,0.7636,0.6284,0.0000,0.0000,12.0000,12.0000,6.0000,6.0000,6.0000,6.0000,6.0000,6.0000,12.0000,9.0000,6.0000,9.0000,4.5000,6.7416,9.0000,5.6040,9.0000,9.0000,9.0000,9.0000,9.0000,9.0000,9.0000,2.1138,4.5000,4.5000,6.0000,6.0000,4.5000,12.0000,6.0000,9.0000,6.0000,6.0000,3.0000,3.0000,1.0000,1.0000,6.0000,1.5958,7.5216,6.0000,6.0000,12.0000,4.5000
Equatorial Guinea,GNQ,2020,0.0541,0.0094,0.0185,0.1012,0.0873,,,,,,,,,,,,,,,,,,,,,,,,,,,,,,,,,,,,,,,,,,,,,,,
Equatorial Guinea,GNQ,2022,0.0930,0.0643,0.1186,0.1184,0.0705,0.0000,0.0000,0.0000,0.0000,0.0000,0.0000,0.0000,0.0000,0.0000,0.0000,12.0000,0.0000,0.0000,0.0000,0.0000,1.6356,0.0000,2.2140,9.0000,0.0000,0.0000,0.0000,0.0000,0.0000,0.0000,0.9546,0.0000,4.5000,0.0000,0.0000,0.0000,0.0000,0.0000,0.0000,0.0000,0.0000,6.0000,0.0000,1.0000,1.0000,0.0000,0.1752,6.0372,0.0000,0.0000,0.0000,0.0000
Eritrea,ERI,2020,0.0591,0.0353,0.0986,0.0000,0.1025,,,,,,,,,,,,,,,,,,,,,,,,,,,,,,,,,,,,,,,,,,,,,,,
Eritrea,ERI,2022,0.0494,0.0576,0.0000,0.1034,0.0365,0.0000,0.0000,0.0000,0.0000,0.0000,0.0000,0.0000,0.0000,0.0000,0.0000,12.0000,0.0000,0.0000,0.0000,0.0000,1.0044,0.0000,0.0000,0.0000,0.0000,0.0000,0.0000,0.0000,0.0000,0.0000,0.1362,0.0000,4.5000,0.0000,0.0000,0.0000,0.0000,0.0000,0.0000,0.0000,0.0000,0.0000,0.0000,1.0000,1.0000,0.0000,0.2074,5.1480,0.0000,0.0000,0.0000,0.0000
Estonia,EST,2020,0.9670,0.8768,0.9983,1.0000,0.9928,,,,,,,,,,,,,,,,,,,,,,,,,,,,,,,,,,,,,,,,,,,,,,,
Estonia,EST,2022,0.9559,0.9104,1.0000,0.9975,0.9157,12.0000,12.0000,12.0000,12.0000,6.0000,6.0000,6.0000,6.0000,6.0000,6.0000,12.0000,9.0000,6.0000,9.0000,4.5000,10.7388,9.0000,12.0000,9.0000,9.0000,9.0000,9.0000,9.0000,9.0000,9.0000,5.8638,4.5000,4.5000,6.0000,6.0000,4.5000,12.0000,12.0000,9.0000,12.0000,6.0000,6.0000,6.0000,1.0000,1.0000,9.0000,11.9379,11.0772,12.0000,12.0000,12.0000,4.5000
Eswatini,SWZ,2020,0.2800,0.3191,0.3776,0.1964,0.2268,,,,,,,,,,,,,,,,,,,,,,,,,,,,,,,,,,,,,,,,,,,,,,,
Eswatini,SWZ,2022,0.3936,0.5114,0.3533,0.3190,0.3907,0.0000,6.0000,6.0000,6.0000,6.0000,3.0000,6.0000,6.0000,6.0000,6.0000,12.0000,9.0000,6.0000,0.0000,0.0000,4.2600,0.0000,3.8880,0.0000,9.0000,4.5000,9.0000,0.0000,0.0000,0.0000,0.8862,0.0000,4.5000,6.0000,0.0000,0.0000,12.0000,12.0000,6.0000,12.0000,0.0000,6.0000,3.0000,1.0000,1.0000,0.0000,2.1876,8.0436,0.0000,0.0000,0.0000,4.5000
Ethiopia,ETH,2020,0.3363,0.3025,0.5804,0.1667,0.2955,,,,,,,,,,,,,,,,,,,,,,,,,,,,,,,,,,,,,,,,,,,,,,,
Ethiopia,ETH,2022,0.5803,0.4827,0.8250,0.4433,0.5701,0.0000,6.0000,6.0000,0.0000,6.0000,3.0000,6.0000,6.0000,6.0000,6.0000,12.0000,9.0000,6.0000,0.0000,0.0000,1.8012,4.5000,4.4760,9.0000,9.0000,9.0000,9.0000,9.0000,4.5000,9.0000,1.1592,4.5000,4.5000,6.0000,0.0000,0.0000,12.0000,6.0000,9.0000,12.0000,6.0000,3.0000,0.0000,1.0000,0.0000,9.0000,3.3291,4.0368,12.0000,0.0000,12.0000,4.5000
Federated States of Micronesia,FSM,2020,0.1744,0.1016,0.1484,0.2500,0.1975,,,,,,,,,,,,,,,,,,,,,,,,,,,,,,,,,,,,,,,,,,,,,,,
Fiji,FJI,2020,0.4403,0.4221,0.5255,0.4702,0.3432,,,,,,,,,,,,,,,,,,,,,,,,,,,,,,,,,,,,,,,,,,,,,,,
Fiji,FJI,2022,0.5743,0.7042,0.6483,0.3565,0.5883,12.0000,12.0000,6.0000,12.0000,6.0000,6.0000,6.0000,6.0000,6.0000,6.0000,12.0000,9.0000,6.0000,0.0000,0.0000,7.1220,0.0000,5.7756,9.0000,9.0000,4.5000,9.0000,4.5000,0.0000,9.0000,1.4316,0.0000,0.0000,6.0000,6.0000,0.0000,12.0000,12.0000,9.0000,12.0000,6.0000,0.0000,0.0000,0.0000,0.0000,3.0000,3.4890,9.5484,6.0000,6.0000,6.0000,4.5000
Finland,FIN,2020,0.8914,0.8642,0.8964,0.8423,0.9628,,,,,,,,,,,,,,,,,,,,,,,,,,,,,,,,,,,,,,,,,,,,,,,
Finland,FIN,2022,0.8110,0.7159,0.9883,0.8023,0.7373,12.0000,0.0000,12.0000,12.0000,6.0000,6.0000,6.0000,6.0000,6.0000,6.0000,12.0000,9.0000,6.0000,0.0000,0.0000,10.9524,9.0000,11.7996,9.0000,9.0000,9.0000,9.0000,9.0000,9.0000,9.0000,5.7270,4.5000,4.5000,6.0000,6.0000,0.0000,12.0000,12.0000,6.0000,12.0000,6.0000,6.0000,6.0000,1.0000,1.0000,6.0000,11.4934,11.5680,0.0000,6.0000,12.0000,4.5000
France,FRA,2020,0.9473,0.9674,0.9664,0.9345,0.9208,,,,,,,,,,,,,,,,,,,,,,,,,,,,,,,,,,,,,,,,,,,,,,,
France,FRA,2022,0.9453,0.9228,0.9565,0.9504,0.9516,12.0000,12.0000,12.0000,12.0000,6.0000,6.0000,6.0000,6.0000,6.0000,6.0000,12.0000,9.0000,6.0000,9.0000,4.5000,10.7328,9.0000,10.5216,9.0000,9.0000,9.0000,9.0000,9.0000,9.0000,9.0000,4.2954,4.5000,4.5000,6.0000,6.0000,4.5000,12.0000,12.0000,9.0000,12.0000,6.0000,6.0000,6.0000,1.0000,1.0000,9.0000,11.7122,10.5408,12.0000,12.0000,12.0000,4.5000
Gabon,GAB,2020,0.2495,0.2676,0.2829,0.1518,0.2956,,,,,,,,,,,,,,,,,,,,,,,,,,,,,,,,,,,,,,,,,,,,,,,
Gabon,GAB,2022,0.1369,0.2615,0.0417,0.1234,0.1212,0.0000,0.0000,0.0000,0.0000,6.0000,0.0000,6.0000,6.0000,0.0000,0.0000,12.0000,9.0000,6.0000,0.0000,0.0000,7.5348,0.0000,4.2936,0.0000,0.0000,0.0000,0.0000,0.0000,0.0000,0.0000,1.2270,0.0000,4.5000,0.0000,0.0000,0.0000,0.0000,0.0000,0.0000,0.0000,0.0000,6.0000,6.0000,1.0000,1.0000,0.0000,1.3651,8.0472,0.0000,0.0000,0.0000,0.0000
Gambia,GMB,2020,0.2090,0.2633,0.1989,0.0923,0.2816,,,,,,,,,,,,,,,,,,,,,,,,,,,,,,,,,,,,,,,,,,,,,,,
Gambia,GMB,2022,0.2233,0.3268,0.1140,0.1731,0.2795,0.0000,0.0000,0.0000,0.0000,6.0000,0.0000,6.0000,6.0000,6.0000,6.0000,12.0000,9.0000,6.0000,0.0000,0.0000,5.4096,0.0000,1.7460,0.0000,0.0000,0.0000,0.0000,0.0000,0.0000,9.0000,1.4316,0.0000,0.0000,6.0000,0.0000,0.0000,12.0000,0.0000,9.0000,0.0000,0.0000,6.0000,0.0000,1.0000,1.0000,3.0000,3.8547,3.9612,6.0000,0.0000,0.0000,4.5000
Georgia,GEO,2020,0.5860,0.5077,0.7871,0.6191,0.4300,,,,,,,,,,,,,,,,,,,,,,,,,,,,,,,,,,,,,,,,,,,,,,,
Georgia,GEO,2022,0.6085,0.5633,0.7411,0.4992,0.6303,12.0000,0.0000,6.0000,12.0000,6.0000,6.0000,6.0000,6.0000,6.0000,6.0000,12.0000,9.0000,6.0000,0.0000,0.0000,8.8908,0.0000,7.3332,9.0000,9.0000,9.0000,9.0000,9.0000,0.0000,9.0000,3.2046,4.5000,4.5000,6.0000,0.0000,0.0000,12.0000,12.0000,3.0000,6.0000,6.0000,6.0000,6.0000,1.0000,1.0000,9.0000,9.7278,10.7808,0.0000,6.0000,12.0000,4.5000
Germany,DEU,2020,0.8834,0.8390,0.9244,0.8750,0.8954,,,,,,,,,,,,,,,,,,,,,,,,,,,,,,,,,,,,,,,,,,,,,,,
Germany,DEU,2022,0.7679,0.7253,0.9076,0.6122,0.8264,12.0000,12.0000,6.0000,12.0000,6.0000,0.0000,6.0000,6.0000,6.0000,6.0000,12.0000,9.0000,6.0000,9.0000,4.5000,10.7484,9.0000,9.4860,9.0000,9.0000,9.0000,9.0000,9.0000,9.0000,9.0000,4.3638,4.5000,4.5000,6.0000,6.0000,0.0000,12.0000,12.0000,9.0000,6.0000,6.0000,6.0000,6.0000,1.0000,1.0000,9.0000,11.6892,11.3352,12.0000,12.0000,12.0000,4.5000
Ghana,GHA,2020,0.6610,0.6866,0.7053,0.8661,0.3862,,,,,,,,,,,,,,,,,,,,,,,,,,,,,,,,,,,,,,,,,,,,,,,
Ghana,GHA,2022,0.5343,0.6466,0.6984,0.3069,0.4854,6.0000,12.0000,12.0000,0.0000,6.0000,3.0000,6.0000,6.0000,6.0000,6.0000,12.0000,9.0000,6.0000,9.0000,0.0000,7.1208,0.0000,6.4332,9.0000,9.0000,4.5000,9.0000,9.0000,9.0000,0.0000,2.7270,4.5000,4.5000,0.0000,0.0000,0.0000,12.0000,6.0000,6.0000,0.0000,6.0000,6.0000,6.0000,1.0000,1.0000,6.0000,10.4025,7.4112,0.0000,0.0000,12.0000,0.0000
Greece,GRC,2020,0.8201,0.8101,0.7731,0.9048,0.7925,,,,,,,,,,,,,,,,,,,,,,,,,,,,,,,,,,,,,,,,,,,,,,,
Greece,GRC,2022,0.8545,0.8595,0.9350,0.7648,0.8589,12.0000,12.0000,12.0000,12.0000,6.0000,6.0000,6.0000,6.0000,6.0000,6.0000,12.0000,9.0000,6.0000,9.0000,4.5000,9.8472,4.5000,9.3036,9.0000,9.0000,9.0000,9.0000,9.0000,9.0000,9.0000,3.6816,4.5000,4.5000,6.0000,6.0000,0.0000,12.0000,12.0000,9.0000,12.0000,6.0000,6.0000,6.0000,1.0000,1.0000,9.0000,11.2779,11.2860,6.0000,6.0000,6.0000,4.5000
Grenada,GRD,2020,0.3125,0.2973,0.6213,0.0833,0.2483,,,,,,,,,,,,,,,,,,,,,,,,,,,,,,,,,,,,,,,,,,,,,,,
Grenada,GRD,2022,0.2571,0.3696,0.4282,0.0225,0.2080,6.0000,0.0000,0.0000,0.0000,6.0000,3.0000,6.0000,6.0000,6.0000,6.0000,12.0000,0.0000,6.0000,0.0000,0.0000,8.8176,0.0000,6.6084,4.5000,9.0000,9.0000,9.0000,0.0000,0.0000,0.0000,1.2270,0.0000,0.0000,0.0000,0.0000,0.0000,6.0000,0.0000,3.0000,6.0000,0.0000,0.0000,0.0000,1.0000,1.0000,3.0000,1.1295,10.7724,6.0000,0.0000,0.0000,0.0000
Guatemala,GTM,2020,0.4829,0.4106,0.7653,0.2917,0.4641,,,,,,,,,,,,,,,,,,,,,,,,,,,,,,,,,,,,,,,,,,,,,,,
Guatemala,GTM,2022,0.6321,0.5708,0.8737,0.4399,0.6441,0.0000,0.0000,0.0000,0.0000,6.0000,6.0000,6.0000,6.0000,6.0000,6.0000,12.0000,9.0000,6.0000,9.0000,0.0000,5.1936,4.5000,6.4908,9.0000,9.0000,9.0000,9.0000,9.0000,4.5000,9.0000,1.9770,4.5000,4.5000,6.0000,0.0000,0.0000,12.0000,6.0000,9.0000,6.0000,6.0000,6.0000,6.0000,1.0000,1.0000,9.0000,1.5754,6.7152,6.0000,12.0000,0.0000,4.5000
Guinea,GIN,2020,0.2261,0.2212,0.3003,0.1607,0.2222,,,,,,,,,,,,,,,,,,,,,,,,,,,,,,,,,,,,,,,,,,,,,,,
Guinea,GIN,2022,0.1473,0.2537,0.1486,0.1322,0.0546,0.0000,0.0000,0.0000,0.0000,6.0000,3.0000,3.0000,6.0000,3.0000,3.0000,12.0000,4.5000,6.0000,0.0000,0.0000,4.1376,0.0000,5.3052,0.0000,0.0000,0.0000,0.0000,9.0000,0.0000,0.0000,1.7046,0.0000,4.5000,0.0000,0.0000,0.0000,0.0000,0.0000,0.0000,0.0000,3.0000,0.0000,0.0000,1.0000,1.0000,0.0000,2.4631,3.5460,0.0000,0.0000,0.0000,0.0000
Guinea-Bissau,GNB,2020,0.2116,0.2144,0.2566,0.1042,0.2715,,,,,,,,,,,,,,,,,,,,,,,,,,,,,,,,,,,,,,,,,,,,,,,
Guinea-Bissau,GNB,2022,0.2045,0.2641,0.3956,0.0913,0.0669,0.0000,0.0000,0.0000,0.0000,6.0000,3.0000,3.0000,6.0000,6.0000,6.0000,12.0000,0.0000,6.0000,0.0000,0.0000,4.1664,0.0000,0.7488,0.0000,9.0000,9.0000,9.0000,0.0000,9.0000,0.0000,0.4770,0.0000,4.5000,0.0000,0.0000,0.0000,0.0000,0.0000,6.0000,0.0000,0.0000,0.0000,0.0000,1.0000,1.0000,0.0000,1.1818,4.3020,0.0000,0.0000,0.0000,0.0000
Guyana,GUY,2020,0.3431,0.3197,0.4661,0.1131,0.4734,,,,,,,,,,,,,,,,,,,,,,,,,,,,,,,,,,,,,,,,,,,,,,,
Guyana,GUY,2022,0.2931,0.4015,0.5574,0.0238,0.1897,0.0000,0.0000,6.0000,0.0000,6.0000,6.0000,6.0000,6.0000,6.0000,6.0000,12.0000,9.0000,6.0000,0.0000,0.0000,5.5716,0.0000,5.4108,0.0000,9.0000,9.0000,9.0000,0.0000,9.0000,9.0000,1.2954,0.0000,0.0000,0.0000,0.0000,0.0000,6.0000,0.0000,0.0000,0.0000,6.0000,0.0000,0.0000,1.0000,1.0000,0.0000,3.3731,7.8552,6.0000,0.0000,0.0000,0.0000
Haiti,HTI,2020,0.2717,0.2879,0.2919,0.2232,0.2837,,,,,,,,,,,,,,,,,,,,,,,,,,,,,,,,,,,,,,,,,,,,,,,
Haiti,HTI,2022,0.2023,0.2764,0.1848,0.2314,0.1165,0.0000,0.0000,0.0000,0.0000,6.0000,6.0000,6.0000,6.0000,0.0000,6.0000,6.0000,9.0000,6.0000,0.0000,0.0000,3.1752,0.0000,1.0380,0.0000,9.0000,9.0000,0.0000,0.0000,0.0000,0.0000,0.6138,4.5000,4.5000,0.0000,0.0000,0.0000,0.0000,0.0000,9.0000,0.0000,0.0000,0.0000,0.0000,1.0000,1.0000,0.0000,0.7683,4.7160,6.0000,0.0000,0.0000,0.0000
Honduras,HND,2020,0.6168,0.5053,0.6566,0.7262,0.5794,,,,,,,,,,,,,,,,,,,,,,,,,,,,,,,,,,,,,,,,,,,,,,,
Honduras,HND,2022,0.3949,0.5111,0.4845,0.2498,0.3342,6.0000,0.0000,0.0000,0.0000,6.0000,6.0000,6.0000,6.0000,6.0000,6.0000,12.0000,9.0000,6.0000,9.0000,0.0000,4.2012,0.0000,2.9004,9.0000,9.0000,9.0000,4.5000,4.5000,0.0000,0.0000,0.6138,4.5000,4.5000,0.0000,0.0000,0.0000,12.0000,0.0000,6.0000,6.0000,6.0000,6.0000,0.0000,1.0000,1.0000,3.0000,0.2645,7.0812,12.0000,0.0000,0.0000,0.0000
"Hong Kong SAR, China",HKG,2020,0.8170,0.7468,1.0000,0.6667,0.8545,,,,,,,,,,,,,,,,,,,,,,,,,,,,,,,,,,,,,,,,,,,,,,,
"Hong Kong SAR, China",HKG,2022,0.6853,0.7359,0.8681,0.4021,0.7352,12.0000,12.0000,12.0000,12.0000,6.0000,6.0000,6.0000,6.0000,6.0000,6.0000,12.0000,9.0000,6.0000,0.0000,4.5000,-,4.5000,-,9.0000,9.0000,9.0000,9.0000,9.0000,9.0000,9.0000,-,0.0000,4.5000,6.0000,6.0000,0.0000,12.0000,12.0000,6.0000,6.0000,6.0000,6.0000,6.0000,1.0000,1.0000,9.0000,-,-,6.0000,12.0000,12.0000,4.5000
Hungary,HUN,2020,0.6607,0.6512,0.7849,0.3363,0.8706,,,,,,,,,,,,,,,,,,,,,,,,,,,,,,,,,,,,,,,,,,,,,,,
Hungary,HUN,2022,0.7934,0.7560,0.9122,0.7535,0.7517,12.0000,0.0000,12.0000,12.0000,6.0000,6.0000,6.0000,6.0000,6.0000,6.0000,12.0000,9.0000,6.0000,0.0000,4.5000,9.2052,9.0000,8.9580,9.0000,9.0000,9.0000,9.0000,9.0000,9.0000,9.0000,3.0684,4.5000,4.5000,6.0000,6.0000,0.0000,12.0000,12.0000,6.0000,12.0000,6.0000,6.0000,6.0000,1.0000,1.0000,9.0000,10.9530,10.0140,6.0000,6.0000,12.0000,4.5000
Iceland,ISL,2020,0.7006,0.7636,0.7983,0.3601,0.8806,,,,,,,,,,,,,,,,,,,,,,,,,,,,,,,,,,,,,,,,,,,,,,,
Iceland,ISL,2022,0.8671,0.8401,0.8654,0.9408,0.8222,12.0000,12.0000,12.0000,12.0000,6.0000,6.0000,6.0000,6.0000,6.0000,6.0000,12.0000,9.0000,6.0000,0.0000,4.5000,11.6460,9.0000,10.6404,9.0000,9.0000,9.0000,9.0000,4.5000,9.0000,9.0000,4.7730,4.5000,4.5000,6.0000,6.0000,4.5000,12.0000,0.0000,9.0000,12.0000,6.0000,6.0000,6.0000,1.0000,1.0000,9.0000,9.5768,11.5884,12.0000,12.0000,12.0000,4.5000
India,IND,2020,0.8151,0.7660,0.8151,0.8184,0.8608,,,,,,,,,,,,,,,,,,,,,,,,,,,,,,,,,,,,,,,,,,,,,,,
India,IND,2022,0.9400,0.9352,0.9662,0.9550,0.9038,12.0000,12.0000,12.0000,12.0000,6.0000,6.0000,6.0000,6.0000,6.0000,6.0000,12.0000,9.0000,6.0000,9.0000,4.5000,4.7448,9.0000,9.5208,9.0000,9.0000,9.0000,9.0000,9.0000,9.0000,9.0000,3.5454,4.5000,4.5000,6.0000,6.0000,4.5000,12.0000,12.0000,9.0000,12.0000,6.0000,6.0000,0.0000,1.0000,1.0000,9.0000,11.6993,6.9132,12.0000,12.0000,12.0000,4.5000
Indonesia,IDN,2020,0.7040,0.4988,0.7188,0.8542,0.7443,,,,,,,,,,,,,,,,,,,,,,,,,,,,,,,,,,,,,,,,,,,,,,,
Indonesia,IDN,2022,0.8167,0.8073,0.8269,0.8219,0.8105,12.0000,12.0000,12.0000,12.0000,6.0000,6.0000,6.0000,6.0000,6.0000,6.0000,12.0000,9.0000,6.0000,9.0000,4.5000,7.6764,9.0000,9.1728,9.0000,9.0000,9.0000,9.0000,9.0000,9.0000,0.0000,4.2954,4.5000,4.5000,6.0000,6.0000,4.5000,12.0000,12.0000,9.0000,12.0000,6.0000,0.0000,0.0000,1.0000,1.0000,3.0000,11.3858,8.9256,12.0000,12.0000,12.0000,0.0000
Iran,IRN,2020,0.4462,0.5497,0.5490,0.2827,0.4035,,,,,,,,,,,,,,,,,,,,,,,,,,,,,,,,,,,,,,,,,,,,,,,
Iran,IRN,2022,0.7236,0.8447,0.8499,0.4971,0.7027,6.0000,12.0000,6.0000,12.0000,6.0000,6.0000,6.0000,6.0000,6.0000,6.0000,12.0000,9.0000,6.0000,0.0000,4.5000,8.7600,9.0000,5.0352,9.0000,9.0000,9.0000,9.0000,4.5000,9.0000,9.0000,1.0908,4.5000,4.5000,0.0000,6.0000,0.0000,12.0000,12.0000,6.0000,12.0000,6.0000,3.0000,0.0000,1.0000,1.0000,9.0000,9.7270,9.3648,12.0000,0.0000,0.0000,4.5000
Iraq,IRQ,2020,0.1861,0.1085,0.2863,0.0774,0.2724,,,,,,,,,,,,,,,,,,,,,,,,,,,,,,,,,,,,,,,,,,,,,,,
Iraq,IRQ,2022,0.2079,0.1903,0.2813,0.2531,0.1070,0.0000,0.0000,0.0000,0.0000,3.0000,0.0000,0.0000,3.0000,0.0000,0.0000,12.0000,0.0000,6.0000,9.0000,0.0000,6.2412,0.0000,2.4720,4.5000,0.0000,0.0000,9.0000,0.0000,0.0000,9.0000,1.2954,4.5000,0.0000,0.0000,6.0000,0.0000,0.0000,0.0000,0.0000,0.0000,0.0000,3.0000,0.0000,1.0000,1.0000,6.0000,2.4858,7.0656,0.0000,0.0000,0.0000,0.0000
Ireland,IRL,2020,0.6419,0.4807,0.7916,0.4643,0.8311,,,,,,,,,,,,,,,,,,,,,,,,,,,,,,,,,,,,,,,,,,,,,,,
Ireland,IRL,2022,0.5234,0.4668,0.6636,0.3136,0.6494,6.0000,0.0000,12.0000,6.0000,6.0000,3.0000,6.0000,6.0000,6.0000,3.0000,12.0000,9.0000,6.0000,0.0000,0.0000,9.9444,4.5000,9.3552,9.0000,9.0000,9.0000,9.0000,9.0000,0.0000,9.0000,4.0908,4.5000,4.5000,0.0000,0.0000,0.0000,12.0000,12.0000,9.0000,6.0000,6.0000,6.0000,6.0000,0.0000,0.0000,9.0000,10.3031,11.5416,6.0000,12.0000,12.0000,0.0000
Israel,ISR,2020,0.8093,0.6849,0.8325,0.8452,0.8747,,,,,,,,,,,,,,,,,,,,,,,,,,,,,,,,,,,,,,,,,,,,,,,
Israel,ISR,2022,0.6862,0.5790,0.7621,0.6384,0.7653,12.0000,0.0000,6.0000,6.0000,6.0000,6.0000,6.0000,6.0000,6.0000,6.0000,12.0000,9.0000,6.0000,0.0000,4.5000,10.6980,4.5000,10.4940,9.0000,9.0000,9.0000,9.0000,0.0000,9.0000,9.0000,4.2954,4.5000,4.5000,6.0000,6.0000,4.5000,12.0000,12.0000,6.0000,6.0000,6.0000,6.0000,6.0000,1.0000,1.0000,6.0000,10.9119,10.7928,12.0000,12.0000,12.0000,4.5000
Italy,ITA,2020,0.8598,0.7501,0.8560,0.9137,0.9193,,,,,,,,,,,,,,,,,,,,,,,,,,,,,,,,,,,,,,,,,,,,,,,
Italy,ITA,2022,0.7959,0.8742,0.9455,0.4837,0.8802,12.0000,0.0000,12.0000,12.0000,6.0000,6.0000,6.0000,6.0000,6.0000,6.0000,12.0000,9.0000,6.0000,9.0000,9.0000,9.4320,9.0000,10.3908,9.0000,9.0000,9.0000,9.0000,9.0000,9.0000,9.0000,4.3638,4.5000,4.5000,6.0000,0.0000,0.0000,12.0000,0.0000,9.0000,12.0000,6.0000,6.0000,6.0000,1.0000,1.0000,9.0000,11.5352,10.3272,12.0000,12.0000,12.0000,4.5000
Jamaica,JAM,2020,0.5859,0.3893,0.6347,0.6756,0.6440,,,,,,,,,,,,,,,,,,,,,,,,,,,,,,,,,,,,,,,,,,,,,,,
Jamaica,JAM,2022,0.5408,0.4580,0.7660,0.5175,0.4217,0.0000,0.0000,0.0000,0.0000,6.0000,6.0000,6.0000,6.0000,6.0000,6.0000,12.0000,9.0000,6.0000,4.5000,0.0000,6.7896,0.0000,5.8968,9.0000,9.0000,9.0000,9.0000,9.0000,0.0000,9.0000,1.7046,0.0000,4.5000,6.0000,6.0000,0.0000,12.0000,0.0000,6.0000,6.0000,0.0000,6.0000,6.0000,0.0000,0.0000,3.0000,3.9033,8.5776,6.0000,6.0000,0.0000,4.5000
Japan,JPN,2020,0.8388,0.6063,0.9731,0.7887,0.9871,,,,,,,,,,,,,,,,,,,,,,,,,,,,,,,,,,,,,,,,,,,,,,,
Japan,JPN,2022,0.7670,0.5657,0.9409,0.7339,0.8276,12.0000,0.0000,0.0000,0.0000,6.0000,3.0000,6.0000,6.0000,6.0000,6.0000,12.0000,9.0000,6.0000,0.0000,4.5000,10.9764,9.0000,10.9128,9.0000,9.0000,9.0000,9.0000,9.0000,9.0000,9.0000,6.0000,4.5000,4.5000,6.0000,6.0000,0.0000,12.0000,12.0000,9.0000,12.0000,6.0000,6.0000,6.0000,1.0000,1.0000,9.0000,11.7382,10.5180,6.0000,12.0000,12.0000,4.5000
Jordan,JOR,2020,0.6495,0.4038,0.7216,0.7500,0.7226,,,,,,,,,,,,,,,,,,,,,,,,,,,,,,,,,,,,,,,,,,,,,,,
Jordan,JOR,2022,0.8286,0.8030,0.8875,0.8032,0.8207,12.0000,12.0000,12.0000,12.0000,6.0000,6.0000,6.0000,6.0000,6.0000,6.0000,12.0000,9.0000,6.0000,0.0000,4.5000,5.6172,9.0000,7.9128,9.0000,9.0000,9.0000,9.0000,4.5000,9.0000,9.0000,3.2730,4.5000,4.5000,6.0000,6.0000,4.5000,12.0000,12.0000,9.0000,12.0000,6.0000,3.0000,3.0000,1.0000,1.0000,9.0000,8.5146,8.3604,12.0000,12.0000,12.0000,4.5000
Kazakhstan,KAZ,2020,0.7385,0.5202,0.8829,0.8244,0.7266,,,,,,,,,,,,,,,,,,,,,,,,,,,,,,,,,,,,,,,,,,,,,,,
Kazakhstan,KAZ,2022,0.8173,0.7388,0.9826,0.7861,0.7618,6.0000,12.0000,6.0000,12.0000,6.0000,6.0000,6.0000,6.0000,6.0000,6.0000,12.0000,9.0000,6.0000,0.0000,4.5000,9.0240,9.0000,11.2128,9.0000,9.0000,9.0000,9.0000,9.0000,9.0000,9.0000,4.8408,4.5000,4.5000,6.0000,6.0000,0.0000,12.0000,6.0000,9.0000,12.0000,6.0000,6.0000,6.0000,1.0000,1.0000,9.0000,11.1784,10.8252,12.0000,6.0000,12.0000,4.5000
Kenya,KEN,2020,0.5761,0.5887,0.6695,0.3988,0.6473,,,,,,,,,,,,,,,,,,,,,,,,,,,,,,,,,,,,,,,,,,,,,,,
Kenya,KEN,2022,0.7450,0.7599,0.8999,0.7243,0.5959,12.0000,12.0000,12.0000,6.0000,6.0000,3.0000,6.0000,6.0000,6.0000,6.0000,12.0000,9.0000,6.0000,4.5000,4.5000,5.1660,4.5000,8.1852,4.5000,9.0000,9.0000,9.0000,9.0000,9.0000,9.0000,3.4770,4.5000,4.5000,6.0000,6.0000,0.0000,12.0000,0.0000,6.0000,6.0000,6.0000,6.0000,6.0000,1.0000,1.0000,6.0000,9.8035,6.7692,12.0000,6.0000,6.0000,4.5000
Kiribati,KIR,2020,0.2350,0.1499,0.2364,0.3065,0.2470,,,,,,,,,,,,,,,,,,,,,,,,,,,,,,,,,,,,,,,,,,,,,,,
Kiribati,KIR,2022,0.1488,0.2429,0.0429,0.0325,0.2769,0.0000,0.0000,0.0000,0.0000,6.0000,6.0000,6.0000,6.0000,0.0000,0.0000,12.0000,9.0000,0.0000,0.0000,0.0000,3.0360,0.0000,4.4232,0.0000,0.0000,0.0000,0.0000,0.0000,0.0000,0.0000,1.7730,0.0000,0.0000,0.0000,0.0000,0.0000,12.0000,0.0000,9.0000,12.0000,0.0000,0.0000,0.0000,1.0000,1.0000,0.0000,1.6611,8.1420,6.0000,0.0000,0.0000,0.0000
"Korea, DPR",PRK,2020,0.0277,0.0009,0.0050,0.0089,0.0958,,,,,,,,,,,,,,,,,,,,,,,,,,,,,,,,,,,,,,,,,,,,,,,
"Korea, DPR",PRK,2022,0.0191,0.0025,0.0184,0.0063,0.0494,0.0000,0.0000,0.0000,0.0000,0.0000,0.0000,0.0000,0.0000,0.0000,0.0000,0.0000,0.0000,0.0000,0.0000,0.0000,0.6096,0.0000,1.8948,0.0000,0.0000,0.0000,0.0000,0.0000,0.0000,0.0000,0.3408,0.0000,0.0000,0.0000,0.0000,0.0000,0.0000,0.0000,0.0000,0.0000,0.0000,0.0000,0.0000,1.0000,1.0000,0.0000,0.1617,7.7880,0.0000,0.0000,0.0000,0.0000
"Korea, Rep.",KOR,2020,0.9793,0.9272,1.0000,1.0000,0.9901,,,,,,,,,,,,,,,,,,,,,,,,,,,,,,,,,,,,,,,,,,,,,,,
"Korea, Rep.",KOR,2022,0.9914,0.9902,0.9980,0.9937,0.9838,12.0000,12.0000,12.0000,12.0000,6.0000,6.0000,6.0000,6.0000,6.0000,6.0000,12.0000,9.0000,6.0000,9.0000,9.0000,11.6088,9.0000,11.7912,9.0000,9.0000,9.0000,9.0000,9.0000,9.0000,9.0000,5.6592,4.5000,4.5000,6.0000,6.0000,4.5000,12.0000,12.0000,9.0000,12.0000,6.0000,6.0000,6.0000,1.0000,1.0000,9.0000,11.8226,10.9044,12.0000,12.0000,12.0000,4.5000
Kosovo,KSV,2020,0.4547,0.4304,0.5333,0.5278,0.3273,,,,,,,,,,,,,,,,,,,,,,,,,,,,,,,,,,,,,,,,,,,,,,,
Kosovo,KSV,2022,0.6331,0.6472,0.8516,0.5773,0.4563,6.0000,6.0000,12.0000,12.0000,6.0000,6.0000,6.0000,6.0000,6.0000,6.0000,12.0000,9.0000,6.0000,0.0000,4.5000,-,0.0000,-,9.0000,9.0000,9.0000,9.0000,4.5000,9.0000,9.0000,-,4.5000,4.5000,6.0000,6.0000,0.0000,12.0000,0.0000,6.0000,6.0000,6.0000,6.0000,6.0000,1.0000,1.0000,3.0000,-,-,0.0000,6.0000,12.0000,0.0000
Kuwait,KWT,2020,0.4333,0.3025,0.6213,0.3095,0.4997,,,,,,,,,,,,,,,,,,,,,,,,,,,,,,,,,,,,,,,,,,,,,,,
Kuwait,KWT,2022,0.6336,0.5651,0.8676,0.4179,0.6836,6.0000,0.0000,0.0000,0.0000,6.0000,3.0000,6.0000,6.0000,6.0000,6.0000,12.0000,9.0000,6.0000,0.0000,0.0000,9.3288,9.0000,8.3676,9.0000,4.5000,9.0000,9.0000,4.5000,9.0000,9.0000,3.2730,0.0000,4.5000,6.0000,0.0000,0.0000,12.0000,0.0000,3.0000,6.0000,6.0000,6.0000,6.0000,1.0000,1.0000,9.0000,9.0062,9.2472,12.0000,0.0000,12.0000,4.5000
Kyrgyz Republic,KGZ,2020,0.6326,0.4652,0.6611,0.7202,0.6840,,,,,,,,,,,,,,,,,,,,,,,,,,,,,,,,,,,,,,,,,,,,,,,
Kyrgyz Republic,KGZ,2022,0.5780,0.5019,0.6836,0.6514,0.4749,0.0000,0.0000,12.0000,12.0000,6.0000,6.0000,6.0000,6.0000,6.0000,6.0000,12.0000,9.0000,6.0000,0.0000,0.0000,7.9644,0.0000,7.4112,9.0000,9.0000,9.0000,9.0000,0.0000,9.0000,9.0000,3.0000,4.5000,4.5000,6.0000,6.0000,4.5000,12.0000,0.0000,9.0000,0.0000,6.0000,6.0000,0.0000,1.0000,1.0000,9.0000,5.9565,9.7428,6.0000,6.0000,12.0000,0.0000
Lao PDR,LAO,2020,0.2315,0.2756,0.2459,0.1369,0.2676,,,,,,,,,,,,,,,,,,,,,,,,,,,,,,,,,,,,,,,,,,,,,,,
Lao PDR,LAO,2022,0.4139,0.3720,0.4816,0.4324,0.3697,12.0000,0.0000,0.0000,0.0000,6.0000,6.0000,6.0000,6.0000,6.0000,6.0000,12.0000,9.0000,6.0000,0.0000,0.0000,3.3840,0.0000,3.6060,0.0000,9.0000,0.0000,9.0000,9.0000,0.0000,9.0000,1.5684,4.5000,4.5000,6.0000,0.0000,0.0000,12.0000,0.0000,9.0000,0.0000,0.0000,6.0000,6.0000,1.0000,1.0000,6.0000,2.4413,6.5616,0.0000,0.0000,12.0000,4.5000
Latvia,LVA,2020,0.6484,0.6828,0.7854,0.3958,0.7296,,,,,,,,,,,,,,,,,,,,,,,,,,,,,,,,,,,,,,,,,,,,,,,
Latvia,LVA,2022,0.8562,0.7224,0.9589,0.9529,0.7906,12.0000,0.0000,12.0000,12.0000,6.0000,6.0000,6.0000,6.0000,3.0000,3.0000,12.0000,9.0000,6.0000,9.0000,4.5000,10.0536,9.0000,9.7620,9.0000,9.0000,9.0000,9.0000,9.0000,9.0000,9.0000,4.4316,4.5000,4.5000,6.0000,6.0000,4.5000,12.0000,0.0000,9.0000,12.0000,6.0000,6.0000,6.0000,1.0000,1.0000,9.0000,11.6737,11.1408,6.0000,6.0000,12.0000,4.5000
Lebanon,LBN,2020,0.3778,0.2762,0.5955,0.0833,0.5564,,,,,,,,,,,,,,,,,,,,,,,,,,,,,,,,,,,,,,,,,,,,,,,
Lebanon,LBN,2022,0.3590,0.4728,0.5690,0.0438,0.3506,0.0000,6.0000,12.0000,0.0000,6.0000,3.0000,6.0000,6.0000,6.0000,6.0000,12.0000,9.0000,6.0000,0.0000,0.0000,5.8884,0.0000,5.1084,4.5000,9.0000,9.0000,9.0000,0.0000,0.0000,9.0000,2.3862,0.0000,0.0000,0.0000,0.0000,0.0000,12.0000,0.0000,9.0000,6.0000,6.0000,6.0000,0.0000,1.0000,1.0000,3.0000,3.6526,7.9872,6.0000,0.0000,0.0000,0.0000
Lesotho,LSO,2020,0.3273,0.2553,0.4342,0.1696,0.4500,,,,,,,,,,,,,,,,,,,,,,,,,,,,,,,,,,,,,,,,,,,,,,,
Lesotho,LSO,2022,0.3852,0.4654,0.4286,0.3182,0.3287,6.0000,0.0000,0.0000,6.0000,6.0000,6.0000,6.0000,6.0000,6.0000,6.0000,12.0000,0.0000,6.0000,0.0000,0.0000,4.6032,4.5000,4.1472,4.5000,9.0000,9.0000,0.0000,0.0000,0.0000,4.5000,1.8408,4.5000,0.0000,0.0000,6.0000,0.0000,0.0000,12.0000,9.0000,0.0000,0.0000,6.0000,3.0000,1.0000,1.0000,0.0000,1.0895,7.1400,0.0000,6.0000,12.0000,0.0000
Liberia,LBR,2020,0.2321,0.3041,0.2611,0.2262,0.1370,,,,,,,,,,,,,,,,,,,,,,,,,,,,,,,,,,,,,,,,,,,,,,,
Liberia,LBR,2022,0.2111,0.3347,0.1369,0.2527,0.1200,0.0000,0.0000,0.0000,0.0000,6.0000,3.0000,6.0000,6.0000,6.0000,6.0000,12.0000,9.0000,6.0000,0.0000,0.0000,1.3380,0.0000,4.1004,0.0000,9.0000,0.0000,0.0000,0.0000,0.0000,0.0000,1.7730,4.5000,4.5000,0.0000,0.0000,0.0000,0.0000,0.0000,3.0000,0.0000,6.0000,0.0000,0.0000,1.0000,1.0000,0.0000,1.1669,5.0208,6.0000,0.0000,0.0000,0.0000
Libya,LBY,2020,0.1809,0.1303,0.2975,0.0923,0.2035,,,,,,,,,,,,,,,,,,,,,,,,,,,,,,,,,,,,,,,,,,,,,,,
Libya,LBY,2022,0.1184,0.1561,0.0552,0.0863,0.1762,0.0000,0.0000,0.0000,0.0000,6.0000,0.0000,0.0000,6.0000,0.0000,0.0000,12.0000,0.0000,6.0000,0.0000,0.0000,1.9212,0.0000,1.1880,4.5000,0.0000,0.0000,0.0000,0.0000,0.0000,0.0000,0.2046,0.0000,4.5000,0.0000,0.0000,0.0000,12.0000,0.0000,6.0000,0.0000,0.0000,0.0000,0.0000,1.0000,1.0000,0.0000,3.4537,9.0408,0.0000,0.0000,0.0000,0.0000
Liechtenstein,LIE,2020,0.4259,0.1765,0.5692,0.2351,0.7228,,,,,,,,,,,,,,,,,,,,,,,,,,,,,,,,,,,,,,,,,,,,,,,
Liechtenstein,LIE,2022,0.2863,0.1728,0.3572,0.1426,0.4724,0.0000,0.0000,0.0000,0.0000,0.0000,0.0000,6.0000,0.0000,0.0000,0.0000,12.0000,9.0000,0.0000,0.0000,0.0000,12.0000,0.0000,8.7948,9.0000,9.0000,9.0000,0.0000,0.0000,0.0000,0.0000,3.2730,0.0000,4.5000,0.0000,0.0000,0.0000,0.0000,0.0000,6.0000,6.0000,6.0000,6.0000,6.0000,1.0000,1.0000,9.0000,4.2185,10.4712,6.0000,6.0000,12.0000,4.5000
Lithuania,LTU,2020,0.7777,0.6818,0.8151,0.8512,0.7628,,,,,,,,,,,,,,,,,,,,,,,,,,,,,,,,,,,,,,,,,,,,,,,
Lithuania,LTU,2022,0.9184,0.8225,0.9613,0.9500,0.9397,12.0000,6.0000,12.0000,12.0000,6.0000,6.0000,6.0000,6.0000,6.0000,6.0000,12.0000,9.0000,6.0000,9.0000,4.5000,10.3632,9.0000,10.0164,9.0000,9.0000,9.0000,9.0000,9.0000,9.0000,9.0000,3.2730,4.5000,4.5000,6.0000,6.0000,4.5000,12.0000,12.0000,9.0000,12.0000,6.0000,6.0000,6.0000,1.0000,1.0000,9.0000,11.7513,11.1012,6.0000,12.0000,12.0000,4.5000
Luxembourg,LUX,2020,0.7803,0.6640,0.7899,0.8006,0.8665,,,,,,,,,,,,,,,,,,,,,,,,,,,,,,,,,,,,,,,,,,,,,,,
Luxembourg,LUX,2022,0.8140,0.8163,0.7523,0.8807,0.8069,12.0000,12.0000,12.0000,12.0000,6.0000,6.0000,6.0000,6.0000,6.0000,6.0000,12.0000,9.0000,3.0000,0.0000,9.0000,11.3544,9.0000,9.9828,9.0000,9.0000,9.0000,9.0000,4.5000,0.0000,9.0000,4.5000,4.5000,4.5000,6.0000,6.0000,4.5000,12.0000,6.0000,9.0000,12.0000,6.0000,6.0000,6.0000,1.0000,1.0000,9.0000,11.6892,9.8940,12.0000,12.0000,12.0000,0.0000
"Macao SAR, China",MAC,2020,0.4380,0.3418,0.7333,0.2222,0.4545,,,,,,,,,,,,,,,,,,,,,,,,,,,,,,,,,,,,,,,,,,,,,,,
"Macao SAR, China",MAC,2022,0.3401,0.3074,0.7088,0.1134,0.2310,0.0000,0.0000,6.0000,0.0000,6.0000,0.0000,6.0000,6.0000,6.0000,6.0000,12.0000,9.0000,0.0000,0.0000,0.0000,-,0.0000,-,9.0000,9.0000,9.0000,9.0000,4.5000,9.0000,9.0000,-,4.5000,0.0000,0.0000,0.0000,0.0000,0.0000,6.0000,6.0000,0.0000,0.0000,6.0000,6.0000,1.0000,1.0000,9.0000,-,-,0.0000,0.0000,0.0000,0.0000
Madagascar,MDG,2020,0.2568,0.3019,0.3681,0.1577,0.1997,,,,,,,,,,,,,,,,,,,,,,,,,,,,,,,,,,,,,,,,,,,,,,,
Madagascar,MDG,2022,0.3122,0.4493,0.3371,0.2331,0.2294,0.0000,0.0000,6.0000,12.0000,6.0000,3.0000,6.0000,6.0000,6.0000,6.0000,12.0000,9.0000,6.0000,0.0000,0.0000,2.1840,0.0000,4.2180,4.5000,0.0000,9.0000,0.0000,0.0000,9.0000,0.0000,1.7046,4.5000,4.5000,0.0000,0.0000,0.0000,6.0000,6.0000,3.0000,0.0000,6.0000,6.0000,3.0000,1.0000,0.0000,0.0000,2.7991,6.4320,0.0000,0.0000,0.0000,0.0000
Malawi,MWI,2020,0.3844,0.3863,0.4067,0.2708,0.4736,,,,,,,,,,,,,,,,,,,,,,,,,,,,,,,,,,,,,,,,,,,,,,,
Malawi,MWI,2022,0.2836,0.3135,0.4012,0.0413,0.3786,0.0000,0.0000,0.0000,0.0000,6.0000,6.0000,6.0000,6.0000,6.0000,6.0000,12.0000,0.0000,6.0000,0.0000,0.0000,2.1780,0.0000,4.3284,0.0000,9.0000,9.0000,9.0000,0.0000,0.0000,0.0000,2.2500,0.0000,0.0000,0.0000,0.0000,0.0000,12.0000,0.0000,6.0000,0.0000,6.0000,3.0000,0.0000,1.0000,1.0000,3.0000,4.4195,5.8608,6.0000,6.0000,12.0000,0.0000
Malaysia,MYS,2020,0.8553,0.8539,0.9580,0.7976,0.8116,,,,,,,,,,,,,,,,,,,,,,,,,,,,,,,,,,,,,,,,,,,,,,,
Malaysia,MYS,2022,0.7930,0.8273,0.9044,0.6714,0.7689,12.0000,12.0000,6.0000,12.0000,6.0000,6.0000,6.0000,6.0000,6.0000,6.0000,12.0000,9.0000,6.0000,9.0000,4.5000,9.5340,9.0000,9.1560,9.0000,9.0000,9.0000,9.0000,9.0000,9.0000,9.0000,4.0908,0.0000,4.5000,6.0000,6.0000,0.0000,12.0000,12.0000,9.0000,12.0000,0.0000,6.0000,6.0000,1.0000,1.0000,9.0000,11.7674,9.1740,12.0000,12.0000,12.0000,0.0000
Maldives,MDV,2020,0.3188,0.3952,0.5053,0.1101,0.2645,,,,,,,,,,,,,,,,,,,,,,,,,,,,,,,,,,,,,,,,,,,,,,,
Maldives,MDV,2022,0.4058,0.5618,0.7364,0.0338,0.2912,6.0000,6.0000,0.0000,6.0000,6.0000,6.0000,6.0000,6.0000,6.0000,6.0000,12.0000,9.0000,6.0000,9.0000,0.0000,7.0140,4.5000,5.8476,9.0000,9.0000,9.0000,9.0000,0.0000,9.0000,9.0000,1.8408,0.0000,0.0000,0.0000,0.0000,0.0000,12.0000,0.0000,9.0000,6.0000,6.0000,3.0000,0.0000,1.0000,1.0000,0.0000,0.3538,8.3244,0.0000,0.0000,0.0000,0.0000
Mali,MLI,2020,0.2581,0.3780,0.3373,0.1637,0.1535,,,,,,,,,,,,,,,,,,,,,,,,,,,,,,,,,,,,,,,,,,,,,,,
Mali,MLI,2022,0.4048,0.5032,0.6154,0.0300,0.4707,6.0000,0.0000,0.0000,0.0000,6.0000,3.0000,6.0000,6.0000,6.0000,6.0000,12.0000,9.0000,6.0000,9.0000,0.0000,5.2776,0.0000,4.3824,4.5000,9.0000,4.5000,9.0000,0.0000,9.0000,9.0000,1.6362,0.0000,0.0000,0.0000,0.0000,0.0000,12.0000,12.0000,6.0000,12.0000,0.0000,6.0000,6.0000,1.0000,1.0000,3.0000,1.2174,2.6316,0.0000,0.0000,12.0000,0.0000
Malta,MLT,2020,0.8320,0.8063,0.7081,0.8958,0.9176,,,,,,,,,,,,,,,,,,,,,,,,,,,,,,,,,,,,,,,,,,,,,,,
Malta,MLT,2022,0.7523,0.6815,0.8555,0.7077,0.7644,12.0000,12.0000,6.0000,6.0000,6.0000,0.0000,6.0000,6.0000,6.0000,6.0000,12.0000,9.0000,0.0000,0.0000,4.5000,11.0940,9.0000,10.6188,9.0000,9.0000,9.0000,9.0000,4.5000,9.0000,9.0000,4.5684,4.5000,4.5000,6.0000,6.0000,0.0000,12.0000,12.0000,9.0000,12.0000,6.0000,6.0000,6.0000,1.0000,1.0000,9.0000,10.0377,10.4808,6.0000,6.0000,12.0000,4.5000
Marshall Islands,MHL,2020,0.1074,0.0676,0.0975,0.1905,0.0738,,,,,,,,,,,,,,,,,,,,,,,,,,,,,,,,,,,,,,,,,,,,,,,
Marshall Islands,MHL,2022,0.0697,0.0884,0.0350,0.1113,0.0440,0.0000,0.0000,0.0000,0.0000,3.0000,0.0000,0.0000,0.0000,0.0000,0.0000,12.0000,0.0000,0.0000,0.0000,0.0000,1.4832,0.0000,3.6048,0.0000,0.0000,0.0000,0.0000,0.0000,0.0000,0.0000,1.5684,0.0000,4.5000,0.0000,0.0000,0.0000,0.0000,0.0000,0.0000,0.0000,0.0000,0.0000,0.0000,0.0000,0.0000,0.0000,0.5882,8.2836,0.0000,0.0000,0.0000,0.0000
Mauritania,MRT,2020,0.2030,0.3686,0.2190,0.1071,0.1171,,,,,,,,,,,,,,,,,,,,,,,,,,,,,,,,,,,,,,,,,,,,,,,
Mauritania,MRT,2022,0.1870,0.3974,0.0111,0.0025,0.3371,0.0000,0.0000,0.0000,0.0000,6.0000,3.0000,6.0000,6.0000,6.0000,6.0000,12.0000,9.0000,6.0000,4.5000,0.0000,5.5776,4.5000,1.1424,0.0000,0.0000,0.0000,0.0000,0.0000,0.0000,0.0000,0.1362,0.0000,0.0000,0.0000,0.0000,0.0000,12.0000,12.0000,9.0000,6.0000,0.0000,6.0000,3.0000,1.0000,1.0000,3.0000,2.2728,4.6476,0.0000,0.0000,0.0000,0.0000
Mauritius,MUS,2020,0.5741,0.5060,0.7714,0.5149,0.5040,,,,,,,,,,,,,,,,,,,,,,,,,,,,,,,,,,,,,,,,,,,,,,,
Mauritius,MUS,2022,0.8639,0.8914,0.9178,0.7711,0.8755,12.0000,6.0000,12.0000,12.0000,6.0000,6.0000,6.0000,6.0000,6.0000,6.0000,12.0000,9.0000,6.0000,9.0000,4.5000,9.1056,9.0000,7.5384,9.0000,9.0000,9.0000,9.0000,9.0000,9.0000,9.0000,2.5230,4.5000,4.5000,6.0000,6.0000,4.5000,12.0000,12.0000,9.0000,12.0000,0.0000,6.0000,6.0000,1.0000,1.0000,9.0000,11.6271,9.2796,12.0000,12.0000,12.0000,4.5000
Mexico,MEX,2020,0.8620,0.7829,0.9020,0.8512,0.9121,,,,,,,,,,,,,,,,,,,,,,,,,,,,,,,,,,,,,,,,,,,,,,,
Mexico,MEX,2022,0.7922,0.7924,0.7951,0.8232,0.7581,12.0000,12.0000,12.0000,6.0000,6.0000,6.0000,6.0000,6.0000,6.0000,6.0000,12.0000,9.0000,6.0000,9.0000,9.0000,7.5600,9.0000,9.8940,9.0000,9.0000,9.0000,9.0000,9.0000,0.0000,9.0000,4.3638,4.5000,4.5000,6.0000,6.0000,4.5000,12.0000,12.0000,9.0000,12.0000,6.0000,6.0000,6.0000,1.0000,1.0000,9.0000,9.8019,9.4488,6.0000,6.0000,12.0000,4.5000
"Micronesia, Fed. Sts.",FSM,2022,0.1454,0.2853,0.0315,0.1247,0.1400,0.0000,0.0000,0.0000,0.0000,6.0000,6.0000,6.0000,6.0000,0.0000,6.0000,12.0000,0.0000,0.0000,0.0000,0.0000,1.3224,0.0000,3.2436,0.0000,0.0000,0.0000,0.0000,0.0000,0.0000,0.0000,1.2954,0.0000,4.5000,0.0000,0.0000,0.0000,0.0000,0.0000,6.0000,6.0000,0.0000,0.0000,0.0000,0.0000,0.0000,0.0000,0.0000,8.2140,6.0000,0.0000,0.0000,0.0000
Moldova,MDA,2020,0.7357,0.6284,0.7865,0.8155,0.7124,,,,,,,,,,,,,,,,,,,,,,,,,,,,,,,,,,,,,,,,,,,,,,,
Moldova,MDA,2022,0.8005,0.7424,0.7947,0.8365,0.8284,12.0000,6.0000,12.0000,12.0000,6.0000,6.0000,6.0000,6.0000,3.0000,6.0000,12.0000,9.0000,6.0000,9.0000,0.0000,6.9120,4.5000,8.8560,9.0000,9.0000,9.0000,9.0000,0.0000,9.0000,9.0000,4.0908,4.5000,4.5000,6.0000,6.0000,4.5000,12.0000,12.0000,3.0000,6.0000,6.0000,6.0000,6.0000,1.0000,1.0000,9.0000,9.0935,10.3356,12.0000,6.0000,12.0000,4.5000
Monaco,MCO,2020,0.2724,0.2492,0.3726,0.0923,0.3756,,,,,,,,,,,,,,,,,,,,,,,,,,,,,,,,,,,,,,,,,,,,,,,
Monaco,MCO,2022,0.2625,0.2615,0.4078,0.0150,0.3656,12.0000,0.0000,0.0000,6.0000,6.0000,0.0000,6.0000,0.0000,0.0000,0.0000,12.0000,0.0000,0.0000,0.0000,0.0000,10.5528,0.0000,5.5056,4.5000,9.0000,0.0000,0.0000,0.0000,9.0000,9.0000,0.8184,0.0000,0.0000,0.0000,0.0000,0.0000,0.0000,0.0000,9.0000,0.0000,6.0000,6.0000,6.0000,1.0000,1.0000,9.0000,8.7084,9.9624,0.0000,6.0000,0.0000,0.0000
Mongolia,MNG,2020,0.5944,0.5257,0.6751,0.5893,0.5875,,,,,,,,,,,,,,,,,,,,,,,,,,,,,,,,,,,,,,,,,,,,,,,
Mongolia,MNG,2022,0.9068,0.9336,0.8642,0.8828,0.9465,12.0000,12.0000,12.0000,12.0000,6.0000,6.0000,6.0000,6.0000,6.0000,6.0000,12.0000,9.0000,6.0000,9.0000,4.5000,8.3676,9.0000,7.5156,9.0000,9.0000,9.0000,9.0000,4.5000,9.0000,9.0000,3.6138,4.5000,4.5000,6.0000,6.0000,4.5000,12.0000,12.0000,9.0000,12.0000,6.0000,6.0000,6.0000,1.0000,1.0000,9.0000,3.1444,10.0692,12.0000,12.0000,12.0000,4.5000
Montenegro,MNE,2020,0.5386,0.4167,0.6308,0.6161,0.4909,,,,,,,,,,,,,,,,,,,,,,,,,,,,,,,,,,,,,,,,,,,,,,,
Montenegro,MNE,2022,0.5641,0.6520,0.7052,0.4183,0.4811,6.0000,0.0000,12.0000,12.0000,6.0000,6.0000,6.0000,6.0000,6.0000,6.0000,12.0000,9.0000,6.0000,0.0000,0.0000,9.4416,9.0000,6.6336,9.0000,9.0000,9.0000,9.0000,0.0000,9.0000,9.0000,2.7954,4.5000,4.5000,6.0000,0.0000,0.0000,12.0000,0.0000,6.0000,12.0000,6.0000,6.0000,6.0000,1.0000,1.0000,9.0000,6.3882,10.0596,6.0000,0.0000,0.0000,4.5000
Morocco,MAR,2020,0.6319,0.6174,0.7686,0.5238,0.6179,,,,,,,,,,,,,,,,,,,,,,,,,,,,,,,,,,,,,,,,,,,,,,,
Morocco,MAR,2022,0.6132,0.5474,0.7298,0.6172,0.5584,0.0000,0.0000,6.0000,6.0000,6.0000,6.0000,6.0000,6.0000,6.0000,6.0000,12.0000,9.0000,6.0000,9.0000,0.0000,8.0112,0.0000,5.6652,4.5000,9.0000,9.0000,9.0000,9.0000,9.0000,9.0000,1.6362,4.5000,4.5000,6.0000,6.0000,0.0000,12.0000,0.0000,3.0000,6.0000,6.0000,6.0000,6.0000,1.0000,1.0000,3.0000,9.8889,7.6200,6.0000,6.0000,12.0000,0.0000
Mozambique,MOZ,2020,0.3504,0.4680,0.4812,0.2143,0.2382,,,,,,,,,,,,,,,,,,,,,,,,,,,,,,,,,,,,,,,,,,,,,,,
Mozambique,MOZ,2022,0.3533,0.4438,0.4735,0.2598,0.2360,6.0000,0.0000,6.0000,0.0000,6.0000,6.0000,6.0000,6.0000,6.0000,6.0000,12.0000,9.0000,6.0000,9.0000,0.0000,1.8444,0.0000,4.2756,4.5000,9.0000,0.0000,9.0000,9.0000,9.0000,0.0000,1.1592,4.5000,4.5000,0.0000,0.0000,0.0000,12.0000,0.0000,9.0000,0.0000,6.0000,0.0000,0.0000,1.0000,1.0000,3.0000,2.9018,5.1480,0.0000,0.0000,0.0000,4.5000
Myanmar,MMR,2020,0.2683,0.1899,0.5025,0.2321,0.1488,,,,,,,,,,,,,,,,,,,,,,,,,,,,,,,,,,,,,,,,,,,,,,,
Myanmar,MMR,2022,0.2197,0.2111,0.4533,0.0338,0.1805,0.0000,0.0000,0.0000,0.0000,6.0000,0.0000,0.0000,6.0000,3.0000,0.0000,12.0000,0.0000,6.0000,0.0000,0.0000,7.2984,0.0000,3.6876,4.5000,9.0000,9.0000,9.0000,4.5000,0.0000,0.0000,1.8408,0.0000,0.0000,0.0000,0.0000,0.0000,0.0000,0.0000,3.0000,6.0000,0.0000,0.0000,0.0000,1.0000,0.0000,6.0000,4.3695,6.9948,6.0000,0.0000,0.0000,0.0000
Namibia,NAM,2020,0.3066,0.2737,0.4829,0.2083,0.2612,,,,,,,,,,,,,,,,,,,,,,,,,,,,,,,,,,,,,,,,,,,,,,,
Namibia,NAM,2022,0.4158,0.4616,0.5551,0.2385,0.4079,0.0000,0.0000,6.0000,12.0000,6.0000,6.0000,6.0000,6.0000,0.0000,6.0000,12.0000,9.0000,6.0000,0.0000,0.0000,6.1596,0.0000,5.1792,4.5000,9.0000,9.0000,0.0000,4.5000,0.0000,9.0000,1.5000,0.0000,4.5000,0.0000,6.0000,0.0000,12.0000,0.0000,3.0000,6.0000,3.0000,3.0000,0.0000,1.0000,1.0000,3.0000,1.3770,7.8192,0.0000,12.0000,12.0000,0.0000
Nauru,NRU,2020,0.1053,0.1629,0.0487,0.1339,0.0755,,,,,,,,,,,,,,,,,,,,,,,,,,,,,,,,,,,,,,,,,,,,,,,
Nauru,NRU,2022,0.0786,0.2046,0.0344,0.0275,0.0480,0.0000,0.0000,0.0000,0.0000,6.0000,0.0000,0.0000,0.0000,6.0000,6.0000,12.0000,0.0000,6.0000,0.0000,0.0000,5.7216,0.0000,3.5424,0.0000,0.0000,0.0000,0.0000,0.0000,0.0000,0.0000,1.5000,0.0000,0.0000,0.0000,0.0000,0.0000,0.0000,0.0000,0.0000,0.0000,0.0000,0.0000,0.0000,0.0000,0.0000,0.0000,2.5709,7.1100,0.0000,0.0000,0.0000,0.0000
Nepal,NPL,2020,0.5076,0.6331,0.4952,0.2589,0.6433,,,,,,,,,,,,,,,,,,,,,,,,,,,,,,,,,,,,,,,,,,,,,,,
Nepal,NPL,2022,0.4390,0.5809,0.5147,0.2281,0.4326,12.0000,12.0000,12.0000,12.0000,6.0000,6.0000,6.0000,6.0000,6.0000,6.0000,12.0000,9.0000,6.0000,0.0000,0.0000,6.1476,0.0000,5.5104,4.5000,9.0000,9.0000,9.0000,9.0000,0.0000,0.0000,1.4316,4.5000,4.5000,0.0000,0.0000,0.0000,12.0000,0.0000,9.0000,0.0000,6.0000,6.0000,6.0000,1.0000,1.0000,6.0000,5.3990,6.7632,6.0000,6.0000,12.0000,0.0000
Netherlands,NLD,2020,0.8958,0.8890,0.8303,0.8869,0.9772,,,,,,,,,,,,,,,,,,,,,,,,,,,,,,,,,,,,,,,,,,,,,,,
Netherlands,NLD,2022,0.7588,0.8253,0.7751,0.5834,0.8514,12.0000,12.0000,12.0000,12.0000,6.0000,6.0000,6.0000,6.0000,6.0000,6.0000,12.0000,9.0000,6.0000,9.0000,9.0000,11.5440,9.0000,10.8312,9.0000,9.0000,9.0000,0.0000,9.0000,9.0000,9.0000,5.7954,4.5000,4.5000,6.0000,6.0000,0.0000,12.0000,12.0000,9.0000,12.0000,6.0000,6.0000,6.0000,1.0000,1.0000,6.0000,11.6455,11.4072,12.0000,12.0000,12.0000,4.5000
New Zealand,NZL,2020,0.8876,0.8179,0.8846,0.9345,0.9133,,,,,,,,,,,,,,,,,,,,,,,,,,,,,,,,,,,,,,,,,,,,,,,
New Zealand,NZL,2022,0.8142,0.7559,0.9223,0.9216,0.6569,12.0000,12.0000,0.0000,12.0000,6.0000,6.0000,6.0000,6.0000,6.0000,6.0000,12.0000,9.0000,6.0000,9.0000,4.5000,10.6752,4.5000,11.4948,4.5000,9.0000,9.0000,9.0000,9.0000,9.0000,9.0000,5.7270,4.5000,4.5000,6.0000,6.0000,4.5000,12.0000,12.0000,9.0000,12.0000,6.0000,6.0000,6.0000,0.0000,0.0000,3.0000,10.0847,11.7876,6.0000,6.0000,0.0000,4.5000
Nicaragua,NIC,2020,0.3349,0.3798,0.4896,0.1310,0.3390,,,,,,,,,,,,,,,,,,,,,,,,,,,,,,,,,,,,,,,,,,,,,,,
Nicaragua,NIC,2022,0.3244,0.5150,0.5997,0.0275,0.1552,0.0000,0.0000,0.0000,0.0000,6.0000,6.0000,6.0000,6.0000,3.0000,6.0000,12.0000,9.0000,6.0000,9.0000,0.0000,5.1444,0.0000,5.7708,0.0000,9.0000,9.0000,9.0000,9.0000,9.0000,0.0000,1.5000,0.0000,0.0000,0.0000,0.0000,0.0000,0.0000,0.0000,0.0000,0.0000,6.0000,6.0000,3.0000,1.0000,1.0000,3.0000,1.0801,7.2000,0.0000,0.0000,0.0000,0.0000
Niger,NER,2020,0.2249,0.2876,0.2269,0.2411,0.1440,,,,,,,,,,,,,,,,,,,,,,,,,,,,,,,,,,,,,,,,,,,,,,,
Niger,NER,2022,0.1785,0.3032,0.0455,0.2477,0.1174,0.0000,0.0000,0.0000,0.0000,6.0000,3.0000,6.0000,6.0000,3.0000,6.0000,12.0000,9.0000,6.0000,0.0000,0.0000,1.6800,0.0000,4.6848,0.0000,0.0000,0.0000,0.0000,0.0000,0.0000,0.0000,1.5000,4.5000,4.5000,0.0000,0.0000,0.0000,0.0000,0.0000,0.0000,0.0000,6.0000,6.0000,6.0000,1.0000,0.0000,0.0000,1.3633,2.2980,0.0000,0.0000,0.0000,0.0000
Nigeria,NGA,2020,0.4656,0.5073,0.4812,0.2887,0.5853,,,,,,,,,,,,,,,,,,,,,,,,,,,,,,,,,,,,,,,,,,,,,,,
Nigeria,NGA,2022,0.5040,0.5953,0.6825,0.2173,0.5211,6.0000,12.0000,12.0000,12.0000,6.0000,6.0000,6.0000,6.0000,6.0000,6.0000,12.0000,9.0000,6.0000,0.0000,0.0000,4.6632,0.0000,6.3000,9.0000,9.0000,9.0000,9.0000,9.0000,9.0000,0.0000,1.8408,4.5000,4.5000,0.0000,0.0000,0.0000,12.0000,0.0000,6.0000,12.0000,6.0000,6.0000,6.0000,1.0000,1.0000,9.0000,10.1709,5.3268,0.0000,6.0000,12.0000,4.5000
North Macedonia,MKD,2020,0.6655,0.4925,0.6880,0.6875,0.7940,,,,,,,,,,,,,,,,,,,,,,,,,,,,,,,,,,,,,,,,,,,,,,,
North Macedonia,MKD,2022,0.5700,0.5831,0.7954,0.5350,0.3666,6.0000,0.0000,12.0000,12.0000,6.0000,3.0000,6.0000,6.0000,6.0000,6.0000,12.0000,9.0000,6.0000,0.0000,0.0000,7.7004,0.0000,8.4240,9.0000,9.0000,9.0000,9.0000,4.5000,9.0000,9.0000,4.1592,4.5000,4.5000,6.0000,0.0000,0.0000,6.0000,0.0000,3.0000,0.0000,6.0000,6.0000,6.0000,1.0000,1.0000,9.0000,10.7905,9.0744,0.0000,0.0000,0.0000,0.0000
Norway,NOR,2020,0.9008,0.7932,0.9647,0.8512,0.9940,,,,,,,,,,,,,,,,,,,,,,,,,,,,,,,,,,,,,,,,,,,,,,,
Norway,NOR,2022,0.7950,0.7548,0.8797,0.6543,0.8911,6.0000,12.0000,12.0000,12.0000,6.0000,6.0000,6.0000,6.0000,6.0000,6.0000,12.0000,9.0000,6.0000,0.0000,4.5000,10.9224,9.0000,9.6084,9.0000,9.0000,9.0000,9.0000,9.0000,9.0000,9.0000,4.1592,4.5000,4.5000,6.0000,6.0000,4.5000,12.0000,12.0000,9.0000,12.0000,6.0000,6.0000,6.0000,1.0000,1.0000,9.0000,11.6265,11.4336,12.0000,12.0000,12.0000,4.5000
Oman,OMN,2020,0.6786,0.7080,0.8151,0.7708,0.4205,,,,,,,,,,,,,,,,,,,,,,,,,,,,,,,,,,,,,,,,,,,,,,,
Oman,OMN,2022,0.8364,0.8606,0.9069,0.6964,0.8819,12.0000,12.0000,12.0000,12.0000,6.0000,3.0000,6.0000,6.0000,6.0000,6.0000,12.0000,9.0000,3.0000,0.0000,4.5000,9.6144,9.0000,8.9076,9.0000,9.0000,9.0000,9.0000,9.0000,4.5000,9.0000,3.9546,4.5000,4.5000,6.0000,6.0000,0.0000,12.0000,12.0000,6.0000,12.0000,6.0000,6.0000,6.0000,1.0000,1.0000,9.0000,11.5250,9.6804,6.0000,12.0000,12.0000,4.5000
Pakistan,PAK,2020,0.6712,0.5348,0.7513,0.6726,0.7261,,,,,,,,,,,,,,,,,,,,,,,,,,,,,,,,,,,,,,,,,,,,,,,
Pakistan,PAK,2022,0.5347,0.4311,0.8232,0.3611,0.5236,6.0000,0.0000,0.0000,0.0000,6.0000,3.0000,6.0000,6.0000,6.0000,6.0000,12.0000,9.0000,6.0000,9.0000,0.0000,3.7464,0.0000,6.7896,9.0000,9.0000,9.0000,9.0000,9.0000,9.0000,9.0000,2.1816,0.0000,4.5000,0.0000,6.0000,0.0000,12.0000,0.0000,9.0000,6.0000,6.0000,6.0000,3.0000,1.0000,1.0000,9.0000,7.7850,4.7196,6.0000,6.0000,12.0000,0.0000
Palau,PLW,2020,0.1802,0.1323,0.2219,0.2470,0.1195,,,,,,,,,,,,,,,,,,,,,,,,,,,,,,,,,,,,,,,,,,,,,,,
Palau,PLW,2022,0.2017,0.3353,0.1781,0.1259,0.1675,0.0000,0.0000,0.0000,0.0000,6.0000,0.0000,6.0000,6.0000,6.0000,6.0000,12.0000,0.0000,6.0000,0.0000,0.0000,4.4820,0.0000,2.8476,0.0000,4.5000,0.0000,0.0000,0.0000,0.0000,9.0000,1.3638,0.0000,4.5000,0.0000,0.0000,0.0000,12.0000,0.0000,0.0000,0.0000,6.0000,0.0000,0.0000,0.0000,0.0000,0.0000,-,10.7352,0.0000,0.0000,0.0000,0.0000
Palestine,WBG,2020,0.3689,0.4051,0.6667,0.2222,0.1818,,,,,,,,,,,,,,,,,,,,,,,,,,,,,,,,,,,,,,,,,,,,,,,
Panama,PAN,2020,0.5344,0.5046,0.6067,0.3958,0.6304,,,,,,,,,,,,,,,,,,,,,,,,,,,,,,,,,,,,,,,,,,,,,,,
Panama,PAN,2022,0.8341,0.7939,0.8164,0.8545,0.8716,12.0000,6.0000,6.0000,12.0000,6.0000,3.0000,6.0000,6.0000,6.0000,6.0000,12.0000,9.0000,6.0000,9.0000,0.0000,7.9236,9.0000,8.0892,9.0000,9.0000,9.0000,9.0000,0.0000,9.0000,9.0000,3.0684,4.5000,4.5000,6.0000,6.0000,4.5000,12.0000,6.0000,9.0000,12.0000,6.0000,6.0000,6.0000,1.0000,1.0000,6.0000,4.0931,9.0300,12.0000,12.0000,12.0000,4.5000
Papua New Guinea,PNG,2020,0.3071,0.3146,0.3972,0.3036,0.2132,,,,,,,,,,,,,,,,,,,,,,,,,,,,,,,,,,,,,,,,,,,,,,,
Papua New Guinea,PNG,2022,0.4649,0.5976,0.5866,0.2206,0.4549,6.0000,6.0000,6.0000,6.0000,6.0000,3.0000,6.0000,6.0000,3.0000,6.0000,12.0000,9.0000,6.0000,0.0000,0.0000,1.7160,4.5000,3.9156,4.5000,9.0000,9.0000,9.0000,0.0000,9.0000,0.0000,1.0230,0.0000,0.0000,0.0000,6.0000,0.0000,12.0000,6.0000,9.0000,12.0000,3.0000,0.0000,0.0000,1.0000,1.0000,3.0000,3.1595,5.9952,6.0000,0.0000,0.0000,4.5000
Paraguay,PRY,2020,0.5824,0.6031,0.6303,0.4375,0.6587,,,,,,,,,,,,,,,,,,,,,,,,,,,,,,,,,,,,,,,,,,,,,,,
Paraguay,PRY,2022,0.7480,0.7436,0.8764,0.6343,0.7379,12.0000,0.0000,0.0000,12.0000,6.0000,6.0000,6.0000,6.0000,6.0000,6.0000,12.0000,9.0000,6.0000,9.0000,4.5000,7.1868,9.0000,7.2708,9.0000,9.0000,9.0000,9.0000,9.0000,9.0000,9.0000,3.0684,4.5000,4.5000,0.0000,6.0000,4.5000,12.0000,0.0000,9.0000,12.0000,6.0000,6.0000,6.0000,1.0000,1.0000,6.0000,6.8502,8.3364,6.0000,12.0000,12.0000,4.5000
Peru,PER,2020,0.7755,0.6055,0.8818,0.8155,0.7994,,,,,,,,,,,,,,,,,,,,,,,,,,,,,,,,,,,,,,,,,,,,,,,
Peru,PER,2022,0.8787,0.8211,0.9584,0.8269,0.9083,6.0000,6.0000,12.0000,12.0000,6.0000,6.0000,6.0000,6.0000,6.0000,6.0000,12.0000,9.0000,6.0000,9.0000,4.5000,7.5204,4.5000,9.7188,9.0000,9.0000,9.0000,9.0000,9.0000,9.0000,9.0000,4.5684,4.5000,4.5000,6.0000,6.0000,4.5000,12.0000,12.0000,6.0000,12.0000,6.0000,6.0000,6.0000,1.0000,1.0000,9.0000,6.6810,9.8484,12.0000,6.0000,12.0000,4.5000
Philippines,PHL,2020,0.7401,0.6412,0.7798,0.8750,0.6644,,,,,,,,,,,,,,,,,,,,,,,,,,,,,,,,,,,,,,,,,,,,,,,
Philippines,PHL,2022,0.7326,0.7295,0.8259,0.5767,0.7985,12.0000,12.0000,12.0000,6.0000,6.0000,3.0000,6.0000,6.0000,6.0000,6.0000,12.0000,9.0000,6.0000,9.0000,0.0000,6.7656,4.5000,7.5636,4.5000,9.0000,9.0000,9.0000,9.0000,9.0000,9.0000,2.9316,4.5000,4.5000,0.0000,6.0000,4.5000,12.0000,6.0000,9.0000,6.0000,6.0000,6.0000,6.0000,1.0000,1.0000,9.0000,9.2395,9.1548,12.0000,6.0000,12.0000,4.5000
Poland,POL,2020,0.6991,0.6683,0.9597,0.4077,0.7607,,,,,,,,,,,,,,,,,,,,,,,,,,,,,,,,,,,,,,,,,,,,,,,
Poland,POL,2022,0.6804,0.7923,0.9079,0.2915,0.7300,12.0000,12.0000,12.0000,0.0000,6.0000,6.0000,6.0000,6.0000,6.0000,6.0000,12.0000,9.0000,6.0000,9.0000,4.5000,10.0176,9.0000,9.5148,9.0000,9.0000,9.0000,9.0000,9.0000,9.0000,9.0000,3.8862,4.5000,4.5000,0.0000,0.0000,0.0000,12.0000,12.0000,6.0000,12.0000,6.0000,6.0000,6.0000,1.0000,1.0000,9.0000,11.2627,10.8396,6.0000,6.0000,12.0000,0.0000
Portugal,PRT,2020,0.8414,0.8090,0.9053,0.8304,0.8209,,,,,,,,,,,,,,,,,,,,,,,,,,,,,,,,,,,,,,,,,,,,,,,
Portugal,PRT,2022,0.8330,0.8594,0.9276,0.6489,0.8962,12.0000,6.0000,12.0000,12.0000,6.0000,6.0000,6.0000,6.0000,6.0000,6.0000,12.0000,9.0000,6.0000,9.0000,9.0000,9.8412,9.0000,9.5448,9.0000,9.0000,9.0000,9.0000,9.0000,9.0000,9.0000,4.3638,4.5000,4.5000,6.0000,6.0000,0.0000,12.0000,6.0000,9.0000,12.0000,6.0000,6.0000,6.0000,1.0000,1.0000,9.0000,11.6790,10.3980,12.0000,12.0000,12.0000,4.5000
Qatar,QAT,2020,0.7355,0.6346,0.7120,0.7262,0.8692,,,,,,,,,,,,,,,,,,,,,,,,,,,,,,,,,,,,,,,,,,,,,,,
Qatar,QAT,2022,0.8743,0.8327,0.9545,0.9312,0.7788,12.0000,12.0000,6.0000,12.0000,6.0000,6.0000,6.0000,6.0000,6.0000,6.0000,12.0000,9.0000,6.0000,9.0000,4.5000,9.8436,9.0000,7.3128,9.0000,9.0000,9.0000,9.0000,9.0000,9.0000,9.0000,2.2500,4.5000,4.5000,6.0000,6.0000,4.5000,12.0000,12.0000,6.0000,12.0000,0.0000,6.0000,6.0000,1.0000,1.0000,9.0000,11.3403,8.5800,12.0000,12.0000,12.0000,0.0000
Romania,ROU,2020,0.6471,0.5594,0.8258,0.4524,0.7508,,,,,,,,,,,,,,,,,,,,,,,,,,,,,,,,,,,,,,,,,,,,,,,
Romania,ROU,2022,0.5650,0.5825,0.7299,0.3257,0.6222,6.0000,0.0000,12.0000,0.0000,6.0000,6.0000,6.0000,6.0000,6.0000,6.0000,12.0000,9.0000,6.0000,0.0000,4.5000,9.5448,4.5000,8.1768,9.0000,9.0000,9.0000,9.0000,0.0000,9.0000,9.0000,3.7500,4.5000,4.5000,0.0000,0.0000,0.0000,12.0000,0.0000,9.0000,6.0000,6.0000,6.0000,6.0000,1.0000,1.0000,9.0000,9.1553,9.7080,6.0000,6.0000,12.0000,4.5000
Russian Federation,RUS,2020,0.7168,0.8075,0.9003,0.3839,0.7754,,,,,,,,,,,,,,,,,,,,,,,,,,,,,,,,,,,,,,,,,,,,,,,
Russian Federation,RUS,2022,0.8969,0.8813,0.9596,0.8278,0.9188,6.0000,12.0000,6.0000,12.0000,6.0000,6.0000,6.0000,6.0000,6.0000,6.0000,12.0000,9.0000,6.0000,9.0000,4.5000,9.6636,9.0000,8.8416,9.0000,9.0000,9.0000,9.0000,9.0000,9.0000,9.0000,3.6138,4.5000,4.5000,6.0000,6.0000,4.5000,12.0000,12.0000,9.0000,12.0000,6.0000,6.0000,6.0000,1.0000,1.0000,9.0000,11.7674,10.8780,12.0000,6.0000,12.0000,4.5000
Rwanda,RWA,2020,0.5263,0.5383,0.7003,0.2411,0.6255,,,,,,,,,,,,,,,,,,,,,,,,,,,,,,,,,,,,,,,,,,,,,,,
Rwanda,RWA,2022,0.6778,0.6434,0.9371,0.3269,0.8039,0.0000,12.0000,6.0000,0.0000,6.0000,6.0000,6.0000,6.0000,6.0000,6.0000,12.0000,9.0000,6.0000,0.0000,0.0000,3.8508,4.5000,9.5220,9.0000,9.0000,9.0000,9.0000,9.0000,9.0000,9.0000,3.8184,4.5000,4.5000,0.0000,0.0000,0.0000,12.0000,12.0000,6.0000,12.0000,6.0000,6.0000,6.0000,1.0000,1.0000,9.0000,9.5942,6.3864,12.0000,6.0000,12.0000,0.0000
Samoa,WSM,2020,0.2373,0.3007,0.3137,0.2292,0.1057,,,,,,,,,,,,,,,,,,,,,,,,,,,,,,,,,,,,,,,,,,,,,,,
Samoa,WSM,2022,0.2781,0.3616,0.3574,0.1676,0.2257,0.0000,0.0000,6.0000,0.0000,6.0000,3.0000,6.0000,6.0000,6.0000,6.0000,12.0000,9.0000,6.0000,0.0000,0.0000,1.8696,0.0000,4.3104,0.0000,9.0000,0.0000,0.0000,4.5000,0.0000,9.0000,1.6362,0.0000,4.5000,0.0000,0.0000,0.0000,0.0000,0.0000,3.0000,0.0000,3.0000,6.0000,0.0000,0.0000,0.0000,3.0000,3.5192,8.9640,12.0000,0.0000,0.0000,0.0000
San Marino,SMR,2020,0.1846,0.1517,0.2712,0.0774,0.2382,,,,,,,,,,,,,,,,,,,,,,,,,,,,,,,,,,,,,,,,,,,,,,,
San Marino,SMR,2022,0.2521,0.2335,0.5150,0.0188,0.2413,0.0000,0.0000,0.0000,0.0000,6.0000,3.0000,6.0000,0.0000,0.0000,0.0000,12.0000,0.0000,0.0000,0.0000,0.0000,9.7320,9.0000,4.5456,4.5000,9.0000,0.0000,9.0000,0.0000,9.0000,9.0000,1.0230,0.0000,0.0000,0.0000,0.0000,0.0000,0.0000,0.0000,0.0000,0.0000,0.0000,6.0000,6.0000,1.0000,1.0000,6.0000,1.6598,8.9592,0.0000,0.0000,12.0000,0.0000
São Tomé and Principe,STP,2020,0.2240,0.3036,0.2611,0.1339,0.1974,,,,,,,,,,,,,,,,,,,,,,,,,,,,,,,,,,,,,,,,,,,,,,,
São Tomé and Principe,STP,2022,0.2179,0.2957,0.3196,0.0876,0.1687,0.0000,0.0000,0.0000,0.0000,6.0000,6.0000,0.0000,6.0000,6.0000,6.0000,12.0000,9.0000,6.0000,0.0000,0.0000,3.8616,0.0000,2.9220,0.0000,9.0000,0.0000,0.0000,0.0000,9.0000,9.0000,0.2730,0.0000,4.5000,0.0000,0.0000,0.0000,0.0000,0.0000,9.0000,0.0000,0.0000,6.0000,6.0000,1.0000,1.0000,0.0000,1.8766,8.1108,0.0000,0.0000,0.0000,0.0000
Saudi Arabia,SAU,2020,0.7251,0.6596,0.8157,0.7827,0.6424,,,,,,,,,,,,,,,,,,,,,,,,,,,,,,,,,,,,,,,,,,,,,,,
Saudi Arabia,SAU,2022,0.9713,0.9629,0.9793,0.9662,0.9769,12.0000,12.0000,12.0000,12.0000,6.0000,6.0000,6.0000,6.0000,6.0000,6.0000,12.0000,9.0000,6.0000,4.5000,9.0000,10.4820,9.0000,9.8640,9.0000,9.0000,9.0000,9.0000,9.0000,9.0000,9.0000,4.1592,4.5000,4.5000,6.0000,6.0000,4.5000,12.0000,12.0000,9.0000,12.0000,6.0000,6.0000,6.0000,1.0000,1.0000,9.0000,11.9448,10.3944,12.0000,12.0000,12.0000,4.5000
Senegal,SEN,2020,0.4039,0.3249,0.5221,0.2768,0.4918,,,,,,,,,,,,,,,,,,,,,,,,,,,,,,,,,,,,,,,,,,,,,,,
Senegal,SEN,2022,0.3271,0.3252,0.4750,0.2577,0.2505,0.0000,0.0000,0.0000,0.0000,6.0000,3.0000,6.0000,6.0000,6.0000,6.0000,12.0000,9.0000,6.0000,0.0000,0.0000,6.0300,0.0000,5.9208,9.0000,9.0000,9.0000,0.0000,0.0000,0.0000,9.0000,2.0454,4.5000,4.5000,0.0000,0.0000,0.0000,0.0000,0.0000,6.0000,0.0000,0.0000,6.0000,6.0000,1.0000,1.0000,3.0000,4.3024,4.1736,0.0000,6.0000,12.0000,0.0000
Serbia,SRB,2020,0.7216,0.5967,0.7507,0.8512,0.6880,,,,,,,,,,,,,,,,,,,,,,,,,,,,,,,,,,,,,,,,,,,,,,,
Serbia,SRB,2022,0.8952,0.8022,0.8905,0.9787,0.9096,12.0000,6.0000,12.0000,12.0000,6.0000,6.0000,6.0000,6.0000,6.0000,6.0000,12.0000,9.0000,6.0000,4.5000,0.0000,9.4380,9.0000,10.2168,9.0000,9.0000,9.0000,9.0000,4.5000,9.0000,9.0000,4.8408,4.5000,4.5000,6.0000,6.0000,4.5000,12.0000,12.0000,9.0000,12.0000,6.0000,6.0000,6.0000,1.0000,1.0000,9.0000,10.7764,9.9984,12.0000,12.0000,12.0000,4.5000
Seychelles,SYC,2020,0.4166,0.3665,0.6526,0.3095,0.3376,,,,,,,,,,,,,,,,,,,,,,,,,,,,,,,,,,,,,,,,,,,,,,,
Seychelles,SYC,2022,0.4523,0.5179,0.6049,0.2452,0.4412,0.0000,0.0000,0.0000,12.0000,6.0000,6.0000,6.0000,6.0000,6.0000,6.0000,12.0000,9.0000,6.0000,0.0000,0.0000,9.8376,0.0000,5.3088,9.0000,9.0000,9.0000,9.0000,0.0000,9.0000,0.0000,1.3638,4.5000,4.5000,0.0000,0.0000,0.0000,12.0000,0.0000,6.0000,6.0000,6.0000,3.0000,3.0000,1.0000,1.0000,9.0000,1.5880,9.3096,0.0000,6.0000,12.0000,0.0000
Sierra Leone,SLE,2020,0.3291,0.4300,0.2779,0.3482,0.2604,,,,,,,,,,,,,,,,,,,,,,,,,,,,,,,,,,,,,,,,,,,,,,,
Sierra Leone,SLE,2022,0.3189,0.3896,0.3190,0.1601,0.4069,0.0000,0.0000,0.0000,0.0000,6.0000,3.0000,6.0000,6.0000,6.0000,6.0000,12.0000,0.0000,6.0000,0.0000,0.0000,3.1668,4.5000,3.3612,0.0000,9.0000,9.0000,0.0000,4.5000,0.0000,0.0000,1.2270,0.0000,4.5000,0.0000,0.0000,0.0000,12.0000,0.0000,3.0000,0.0000,6.0000,3.0000,0.0000,1.0000,1.0000,0.0000,3.0378,2.9508,12.0000,12.0000,12.0000,0.0000
Singapore,SGP,2020,0.8901,0.7569,0.9899,0.8899,0.9236,,,,,,,,,,,,,,,,,,,,,,,,,,,,,,,,,,,,,,,,,,,,,,,
Singapore,SGP,2022,0.8327,0.7737,0.9859,0.8507,0.7203,12.0000,12.0000,12.0000,12.0000,6.0000,6.0000,6.0000,6.0000,6.0000,6.0000,12.0000,9.0000,6.0000,0.0000,4.5000,10.5096,9.0000,11.5440,9.0000,9.0000,9.0000,9.0000,9.0000,9.0000,9.0000,5.8638,4.5000,4.5000,6.0000,6.0000,4.5000,12.0000,12.0000,9.0000,12.0000,0.0000,6.0000,6.0000,1.0000,1.0000,3.0000,11.8226,10.8252,6.0000,6.0000,12.0000,4.5000
Slovak Republic,SVK,2020,0.6878,0.7270,0.6812,0.4256,0.9176,,,,,,,,,,,,,,,,,,,,,,,,,,,,,,,,,,,,,,,,,,,,,,,
Slovak Republic,SVK,2022,0.6505,0.7016,0.8030,0.2898,0.8075,12.0000,12.0000,12.0000,6.0000,6.0000,6.0000,6.0000,6.0000,6.0000,6.0000,12.0000,9.0000,6.0000,9.0000,4.5000,9.9936,9.0000,8.7120,9.0000,9.0000,9.0000,9.0000,9.0000,9.0000,9.0000,2.7954,4.5000,4.5000,0.0000,0.0000,0.0000,12.0000,12.0000,9.0000,6.0000,6.0000,6.0000,6.0000,1.0000,1.0000,9.0000,11.0828,10.1232,12.0000,12.0000,12.0000,4.5000
Slovenia,SVN,2020,0.7589,0.8201,0.7199,0.5684,0.9271,,,,,,,,,,,,,,,,,,,,,,,,,,,,,,,,,,,,,,,,,,,,,,,
Slovenia,SVN,2022,0.8321,0.7897,0.9553,0.8624,0.7212,12.0000,0.0000,12.0000,12.0000,6.0000,6.0000,6.0000,6.0000,6.0000,6.0000,12.0000,9.0000,6.0000,9.0000,9.0000,9.8868,9.0000,10.3992,9.0000,9.0000,9.0000,9.0000,9.0000,9.0000,9.0000,4.5000,4.5000,4.5000,6.0000,6.0000,4.5000,12.0000,6.0000,3.0000,12.0000,6.0000,6.0000,6.0000,1.0000,1.0000,9.0000,8.9911,11.3268,6.0000,6.0000,12.0000,0.0000
Solomon Islands,SLB,2020,0.3417,0.3560,0.6162,0.2470,0.1474,,,,,,,,,,,,,,,,,,,,,,,,,,,,,,,,,,,,,,,,,,,,,,,
Solomon Islands,SLB,2022,0.2678,0.3637,0.6205,0.0238,0.0633,0.0000,0.0000,0.0000,0.0000,6.0000,6.0000,6.0000,6.0000,0.0000,6.0000,12.0000,9.0000,6.0000,9.0000,0.0000,2.3856,0.0000,4.4112,4.5000,9.0000,9.0000,9.0000,0.0000,9.0000,9.0000,1.2954,0.0000,0.0000,0.0000,0.0000,0.0000,0.0000,0.0000,6.0000,0.0000,0.0000,0.0000,0.0000,0.0000,0.0000,0.0000,0.8492,5.9100,0.0000,0.0000,0.0000,0.0000
Somalia,SOM,2020,0.1899,0.1125,0.1793,0.1726,0.2951,,,,,,,,,,,,,,,,,,,,,,,,,,,,,,,,,,,,,,,,,,,,,,,
Somalia,SOM,2022,0.2651,0.3016,0.2479,0.2477,0.2634,6.0000,0.0000,0.0000,6.0000,6.0000,6.0000,3.0000,3.0000,3.0000,6.0000,6.0000,0.0000,6.0000,0.0000,0.0000,1.2888,0.0000,3.5328,4.5000,0.0000,0.0000,9.0000,4.5000,0.0000,0.0000,1.5000,4.5000,4.5000,0.0000,0.0000,0.0000,12.0000,12.0000,6.0000,0.0000,0.0000,0.0000,0.0000,0.0000,0.0000,0.0000,2.0704,0.0000,0.0000,0.0000,12.0000,0.0000
South Africa,ZAF,2020,0.7717,0.6882,0.7849,0.7708,0.8430,,,,,,,,,,,,,,,,,,,,,,,,,,,,,,,,,,,,,,,,,,,,,,,
South Africa,ZAF,2022,0.5622,0.6038,0.6455,0.4504,0.5494,12.0000,0.0000,12.0000,6.0000,6.0000,6.0000,6.0000,6.0000,6.0000,6.0000,12.0000,9.0000,6.0000,0.0000,4.5000,8.2200,9.0000,8.9844,9.0000,9.0000,9.0000,9.0000,4.5000,9.0000,0.0000,3.5454,4.5000,4.5000,0.0000,6.0000,0.0000,12.0000,6.0000,6.0000,6.0000,6.0000,6.0000,6.0000,1.0000,1.0000,6.0000,9.4156,9.2796,6.0000,6.0000,12.0000,0.0000
South Sudan,SSD,2020,0.1120,0.1458,0.0952,0.0893,0.1178,,,,,,,,,,,,,,,,,,,,,,,,,,,,,,,,,,,,,,,,,,,,,,,
South Sudan,SSD,2022,0.1310,0.1481,0.2196,0.1009,0.0553,0.0000,0.0000,0.0000,0.0000,6.0000,3.0000,0.0000,0.0000,6.0000,6.0000,0.0000,0.0000,6.0000,0.0000,0.0000,0.0000,0.0000,0.6216,9.0000,9.0000,0.0000,0.0000,0.0000,0.0000,0.0000,0.0000,0.0000,4.5000,0.0000,0.0000,0.0000,0.0000,0.0000,0.0000,0.0000,6.0000,0.0000,0.0000,1.0000,1.0000,0.0000,0.6904,2.4456,0.0000,0.0000,0.0000,0.0000
Spain,ESP,2020,0.8682,0.8720,0.8728,0.8363,0.8917,,,,,,,,,,,,,,,,,,,,,,,,,,,,,,,,,,,,,,,,,,,,,,,
Spain,ESP,2022,0.8883,0.9369,0.9444,0.8073,0.8646,12.0000,12.0000,12.0000,12.0000,6.0000,6.0000,6.0000,6.0000,6.0000,6.0000,12.0000,9.0000,6.0000,9.0000,9.0000,10.6740,9.0000,10.2708,9.0000,9.0000,9.0000,9.0000,9.0000,9.0000,9.0000,4.5000,4.5000,4.5000,6.0000,6.0000,4.5000,12.0000,12.0000,9.0000,12.0000,6.0000,6.0000,6.0000,1.0000,1.0000,9.0000,11.8226,10.8864,12.0000,6.0000,12.0000,4.5000
Sri Lanka,LKA,2020,0.6228,0.5550,0.7765,0.4286,0.7311,,,,,,,,,,,,,,,,,,,,,,,,,,,,,,,,,,,,,,,,,,,,,,,
Sri Lanka,LKA,2022,0.7489,0.8357,0.8522,0.5892,0.7187,12.0000,12.0000,12.0000,12.0000,6.0000,3.0000,6.0000,6.0000,6.0000,6.0000,12.0000,9.0000,6.0000,0.0000,4.5000,6.5796,9.0000,6.7728,9.0000,9.0000,9.0000,9.0000,9.0000,9.0000,9.0000,2.1138,4.5000,4.5000,6.0000,6.0000,0.0000,12.0000,0.0000,9.0000,12.0000,6.0000,6.0000,3.0000,1.0000,1.0000,6.0000,7.0376,9.2712,12.0000,12.0000,12.0000,4.5000
St. Kitts and Nevis,KNA,2020,0.2828,0.2147,0.5412,0.0833,0.2921,,,,,,,,,,,,,,,,,,,,,,,,,,,,,,,,,,,,,,,,,,,,,,,
St. Kitts and Nevis,KNA,2022,0.2364,0.2344,0.4803,0.0225,0.2082,0.0000,0.0000,0.0000,0.0000,6.0000,3.0000,6.0000,6.0000,0.0000,0.0000,12.0000,0.0000,6.0000,0.0000,0.0000,9.9516,0.0000,3.9684,4.5000,9.0000,9.0000,9.0000,0.0000,9.0000,0.0000,1.2270,0.0000,0.0000,0.0000,0.0000,0.0000,0.0000,0.0000,6.0000,6.0000,6.0000,6.0000,0.0000,1.0000,1.0000,3.0000,1.4930,10.4688,0.0000,0.0000,0.0000,0.0000
St. Lucia,LCA,2020,0.3411,0.3433,0.5378,0.2649,0.2184,,,,,,,,,,,,,,,,,,,,,,,,,,,,,,,,,,,,,,,,,,,,,,,
St. Lucia,LCA,2022,0.5029,0.5342,0.7409,0.2836,0.4530,0.0000,6.0000,6.0000,12.0000,6.0000,6.0000,6.0000,6.0000,0.0000,6.0000,12.0000,9.0000,6.0000,0.0000,0.0000,6.8196,0.0000,4.8084,9.0000,9.0000,9.0000,9.0000,4.5000,9.0000,9.0000,2.4546,4.5000,4.5000,0.0000,0.0000,0.0000,12.0000,0.0000,3.0000,6.0000,6.0000,3.0000,3.0000,1.0000,1.0000,3.0000,1.3147,8.4588,6.0000,6.0000,12.0000,4.5000
St. Vincent and the Grenadines,VCT,2020,0.3213,0.3875,0.5630,0.1161,0.2185,,,,,,,,,,,,,,,,,,,,,,,,,,,,,,,,,,,,,,,,,,,,,,,
St. Vincent and the Grenadines,VCT,2022,0.3448,0.4139,0.5042,0.0425,0.4187,0.0000,6.0000,6.0000,6.0000,6.0000,3.0000,6.0000,6.0000,6.0000,6.0000,12.0000,9.0000,6.0000,0.0000,0.0000,6.5832,0.0000,5.4312,4.5000,4.5000,4.5000,4.5000,4.5000,9.0000,0.0000,2.3184,0.0000,0.0000,0.0000,0.0000,0.0000,12.0000,0.0000,3.0000,6.0000,6.0000,6.0000,0.0000,1.0000,1.0000,6.0000,1.4616,8.9040,6.0000,0.0000,12.0000,0.0000
Sudan,SDN,2020,0.1808,0.1260,0.2779,0.1369,0.1825,,,,,,,,,,,,,,,,,,,,,,,,,,,,,,,,,,,,,,,,,,,,,,,
Sudan,SDN,2022,0.2220,0.1845,0.1752,0.2527,0.2755,0.0000,0.0000,0.0000,0.0000,6.0000,3.0000,0.0000,6.0000,0.0000,0.0000,12.0000,0.0000,6.0000,0.0000,0.0000,3.8388,0.0000,2.5416,4.5000,9.0000,0.0000,0.0000,0.0000,0.0000,0.0000,0.2730,0.0000,4.5000,0.0000,6.0000,0.0000,6.0000,0.0000,6.0000,0.0000,6.0000,0.0000,0.0000,1.0000,1.0000,9.0000,4.2037,4.3188,0.0000,0.0000,12.0000,0.0000
Suriname,SUR,2020,0.2707,0.2505,0.3204,0.2292,0.2829,,,,,,,,,,,,,,,,,,,,,,,,,,,,,,,,,,,,,,,,,,,,,,,
Suriname,SUR,2022,0.1519,0.2860,0.2146,0.0225,0.0846,0.0000,0.0000,0.0000,0.0000,6.0000,3.0000,6.0000,6.0000,6.0000,6.0000,12.0000,0.0000,6.0000,0.0000,0.0000,8.5068,0.0000,4.1016,0.0000,9.0000,0.0000,0.0000,0.0000,9.0000,0.0000,1.2270,0.0000,0.0000,0.0000,0.0000,0.0000,0.0000,0.0000,0.0000,0.0000,0.0000,3.0000,0.0000,1.0000,1.0000,0.0000,3.7441,8.3052,0.0000,0.0000,0.0000,0.0000
Sweden,SWE,2020,0.8859,0.7738,0.9238,0.8512,0.9948,,,,,,,,,,,,,,,,,,,,,,,,,,,,,,,,,,,,,,,,,,,,,,,
Sweden,SWE,2022,0.7521,0.8127,0.9301,0.4470,0.8185,6.0000,12.0000,12.0000,12.0000,6.0000,6.0000,6.0000,6.0000,6.0000,6.0000,12.0000,9.0000,6.0000,0.0000,9.0000,11.4960,9.0000,10.8024,9.0000,9.0000,9.0000,9.0000,9.0000,9.0000,9.0000,4.3638,4.5000,4.5000,6.0000,0.0000,0.0000,12.0000,12.0000,9.0000,12.0000,6.0000,6.0000,6.0000,1.0000,1.0000,9.0000,11.3505,11.5788,6.0000,12.0000,12.0000,0.0000
Switzerland,CHE,2020,0.7895,0.5610,0.9513,0.7054,0.9405,,,,,,,,,,,,,,,,,,,,,,,,,,,,,,,,,,,,,,,,,,,,,,,
Switzerland,CHE,2022,0.7567,0.6948,0.8953,0.6831,0.7538,6.0000,6.0000,6.0000,12.0000,6.0000,3.0000,6.0000,6.0000,6.0000,6.0000,12.0000,9.0000,6.0000,0.0000,4.5000,11.3400,9.0000,9.2124,9.0000,9.0000,9.0000,9.0000,9.0000,9.0000,9.0000,4.2270,4.5000,4.5000,6.0000,6.0000,0.0000,12.0000,6.0000,9.0000,12.0000,6.0000,6.0000,6.0000,1.0000,1.0000,9.0000,10.4359,10.9536,12.0000,6.0000,12.0000,4.5000
Syrian Arab Republic,SYR,2020,0.2539,0.1680,0.4403,0.1280,0.2794,,,,,,,,,,,,,,,,,,,,,,,,,,,,,,,,,,,,,,,,,,,,,,,
Syrian Arab Republic,SYR,2022,0.2734,0.2276,0.2589,0.1176,0.4895,6.0000,0.0000,0.0000,0.0000,6.0000,0.0000,6.0000,6.0000,0.0000,0.0000,12.0000,0.0000,6.0000,0.0000,0.0000,4.2972,0.0000,3.6636,9.0000,0.0000,0.0000,9.0000,0.0000,0.0000,0.0000,0.4092,0.0000,0.0000,0.0000,6.0000,0.0000,12.0000,0.0000,9.0000,6.0000,0.0000,3.0000,0.0000,1.0000,1.0000,9.0000,2.6571,5.9796,12.0000,12.0000,12.0000,0.0000
"Taiwan, China",TWN,2022,0.7325,0.6515,0.7473,0.7113,0.8197,12.0000,0.0000,6.0000,12.0000,6.0000,6.0000,6.0000,6.0000,6.0000,6.0000,12.0000,9.0000,6.0000,0.0000,4.5000,-,9.0000,-,9.0000,9.0000,9.0000,9.0000,9.0000,0.0000,9.0000,-,4.5000,4.5000,6.0000,6.0000,4.5000,12.0000,6.0000,9.0000,6.0000,6.0000,6.0000,6.0000,1.0000,1.0000,9.0000,-,-,6.0000,12.0000,12.0000,4.5000
Tajikistan,TJK,2020,0.2624,0.2364,0.3765,0.0863,0.3502,,,,,,,,,,,,,,,,,,,,,,,,,,,,,,,,,,,,,,,,,,,,,,,
Tajikistan,TJK,2022,0.3086,0.3437,0.5511,0.0275,0.3122,0.0000,0.0000,0.0000,0.0000,6.0000,6.0000,6.0000,6.0000,6.0000,0.0000,12.0000,9.0000,6.0000,0.0000,0.0000,4.5240,0.0000,4.7616,0.0000,9.0000,9.0000,9.0000,9.0000,9.0000,0.0000,1.5000,0.0000,0.0000,0.0000,0.0000,0.0000,6.0000,0.0000,6.0000,6.0000,6.0000,6.0000,6.0000,1.0000,1.0000,9.0000,2.0519,8.8560,0.0000,0.0000,0.0000,0.0000
Tanzania,TZA,2020,0.5546,0.5348,0.5389,0.6399,0.5048,,,,,,,,,,,,,,,,,,,,,,,,,,,,,,,,,,,,,,,,,,,,,,,
Tanzania,TZA,2022,0.8603,0.8817,0.8654,0.8282,0.8660,12.0000,12.0000,12.0000,12.0000,6.0000,6.0000,6.0000,6.0000,6.0000,6.0000,12.0000,9.0000,6.0000,4.5000,9.0000,3.2508,4.5000,5.6400,4.5000,9.0000,9.0000,9.0000,9.0000,9.0000,9.0000,1.6362,4.5000,4.5000,6.0000,6.0000,4.5000,12.0000,12.0000,3.0000,12.0000,6.0000,6.0000,6.0000,1.0000,1.0000,3.0000,10.8696,6.1200,12.0000,12.0000,12.0000,4.5000
Thailand,THA,2020,0.8217,0.6847,0.8459,0.8601,0.8959,,,,,,,,,,,,,,,,,,,,,,,,,,,,,,,,,,,,,,,,,,,,,,,
Thailand,THA,2022,0.8795,0.8963,0.8963,0.9395,0.7858,12.0000,12.0000,12.0000,12.0000,6.0000,6.0000,6.0000,6.0000,6.0000,6.0000,12.0000,9.0000,6.0000,9.0000,4.5000,8.8056,4.5000,9.3156,9.0000,9.0000,9.0000,9.0000,9.0000,9.0000,9.0000,4.7046,4.5000,4.5000,6.0000,6.0000,4.5000,12.0000,6.0000,9.0000,12.0000,6.0000,6.0000,3.0000,1.0000,1.0000,9.0000,10.3799,9.4548,12.0000,6.0000,12.0000,4.5000
Timor-Leste,TMP,2020,0.3055,0.3337,0.3642,0.2887,0.2354,,,,,,,,,,,,,,,,,,,,,,,,,,,,,,,,,,,,,,,,,,,,,,,
Timor-Leste,TLS,2022,0.3350,0.3822,0.4924,0.1718,0.2936,0.0000,0.0000,0.0000,0.0000,6.0000,6.0000,6.0000,6.0000,6.0000,6.0000,12.0000,9.0000,6.0000,0.0000,0.0000,4.3680,4.5000,4.7172,0.0000,9.0000,9.0000,0.0000,9.0000,0.0000,9.0000,2.8638,4.5000,0.0000,0.0000,0.0000,0.0000,12.0000,6.0000,3.0000,6.0000,0.0000,3.0000,0.0000,1.0000,1.0000,0.0000,0.5111,6.6552,0.0000,0.0000,12.0000,0.0000
Togo,TGO,2020,0.2692,0.1708,0.4286,0.2113,0.2660,,,,,,,,,,,,,,,,,,,,,,,,,,,,,,,,,,,,,,,,,,,,,,,
Togo,TGO,2022,0.5075,0.3659,0.7593,0.2444,0.6605,0.0000,0.0000,0.0000,0.0000,6.0000,3.0000,6.0000,6.0000,6.0000,0.0000,12.0000,9.0000,6.0000,0.0000,0.0000,3.4176,4.5000,5.2056,9.0000,9.0000,9.0000,9.0000,4.5000,4.5000,9.0000,2.3184,4.5000,4.5000,0.0000,0.0000,0.0000,12.0000,12.0000,9.0000,12.0000,6.0000,6.0000,6.0000,1.0000,1.0000,3.0000,3.9828,6.6096,6.0000,6.0000,12.0000,4.5000
Tonga,TON,2020,0.3412,0.3868,0.4409,0.2589,0.2782,,,,,,,,,,,,,,,,,,,,,,,,,,,,,,,,,,,,,,,,,,,,,,,
Tonga,TON,2022,0.3221,0.3403,0.5433,0.2214,0.1832,6.0000,0.0000,0.0000,0.0000,6.0000,3.0000,6.0000,6.0000,6.0000,6.0000,12.0000,4.5000,6.0000,0.0000,0.0000,4.1952,0.0000,3.9552,0.0000,9.0000,9.0000,9.0000,4.5000,4.5000,9.0000,1.5684,0.0000,4.5000,0.0000,6.0000,0.0000,0.0000,0.0000,9.0000,12.0000,0.0000,0.0000,0.0000,1.0000,1.0000,0.0000,2.5143,10.4100,0.0000,0.0000,0.0000,0.0000
Trinidad and Tobago,TTO,2020,0.4647,0.4480,0.5081,0.3214,0.5813,,,,,,,,,,,,,,,,,,,,,,,,,,,,,,,,,,,,,,,,,,,,,,,
Trinidad and Tobago,TTO,2022,0.5159,0.5085,0.6201,0.3841,0.5511,6.0000,6.0000,6.0000,6.0000,3.0000,3.0000,6.0000,6.0000,6.0000,6.0000,12.0000,9.0000,6.0000,0.0000,0.0000,8.0604,4.5000,5.8704,9.0000,9.0000,0.0000,9.0000,9.0000,0.0000,9.0000,1.4316,0.0000,4.5000,0.0000,6.0000,0.0000,12.0000,0.0000,9.0000,6.0000,6.0000,6.0000,6.0000,1.0000,1.0000,3.0000,2.6616,8.8908,6.0000,6.0000,12.0000,4.5000
Tunisia,TUN,2020,0.6440,0.5744,0.7496,0.8393,0.4129,,,,,,,,,,,,,,,,,,,,,,,,,,,,,,,,,,,,,,,,,,,,,,,
Tunisia,TUN,2022,0.6882,0.6192,0.7596,0.6289,0.7451,6.0000,0.0000,6.0000,6.0000,6.0000,6.0000,6.0000,6.0000,6.0000,6.0000,12.0000,9.0000,6.0000,4.5000,0.0000,7.9752,0.0000,7.2372,4.5000,9.0000,9.0000,9.0000,4.5000,9.0000,9.0000,3.2730,4.5000,4.5000,6.0000,6.0000,0.0000,12.0000,12.0000,9.0000,6.0000,6.0000,6.0000,6.0000,1.0000,1.0000,9.0000,10.3473,8.2932,12.0000,6.0000,12.0000,4.5000
Turkey,TUR,2020,0.7851,0.6679,0.9597,0.6607,0.8520,,,,,,,,,,,,,,,,,,,,,,,,,,,,,,,,,,,,,,,,,,,,,,,
Türkiye,TUR,2022,0.8727,0.8414,0.9546,0.8478,0.8470,12.0000,6.0000,12.0000,12.0000,6.0000,6.0000,6.0000,6.0000,6.0000,6.0000,12.0000,9.0000,6.0000,9.0000,4.5000,7.9512,9.0000,10.3200,9.0000,9.0000,9.0000,9.0000,9.0000,9.0000,9.0000,4.7046,4.5000,4.5000,6.0000,6.0000,4.5000,12.0000,12.0000,6.0000,12.0000,6.0000,6.0000,6.0000,1.0000,1.0000,9.0000,11.7003,10.4664,12.0000,6.0000,12.0000,4.5000
Turkmenistan,TKM,2020,0.0990,0.0839,0.1457,0.0506,0.1159,,,,,,,,,,,,,,,,,,,,,,,,,,,,,,,,,,,,,,,,,,,,,,,
Turkmenistan,TKM,2022,0.1248,0.1821,0.1658,0.0113,0.1400,0.0000,0.0000,0.0000,0.0000,3.0000,3.0000,6.0000,6.0000,0.0000,0.0000,12.0000,0.0000,6.0000,0.0000,0.0000,4.2612,0.0000,3.5760,4.5000,9.0000,0.0000,0.0000,0.0000,0.0000,0.0000,0.6138,0.0000,0.0000,0.0000,0.0000,0.0000,6.0000,0.0000,3.0000,0.0000,0.0000,0.0000,0.0000,1.0000,1.0000,3.0000,1.7375,9.4704,0.0000,0.0000,0.0000,0.0000
Tuvalu,TUV,2020,0.1515,0.1022,0.1810,0.2559,0.0671,,,,,,,,,,,,,,,,,,,,,,,,,,,,,,,,,,,,,,,,,,,,,,,
Tuvalu,TUV,2022,0.1057,0.1034,0.1575,0.1197,0.0421,0.0000,0.0000,0.0000,0.0000,6.0000,3.0000,0.0000,0.0000,0.0000,0.0000,0.0000,9.0000,0.0000,0.0000,0.0000,3.1284,0.0000,2.7180,4.5000,9.0000,0.0000,0.0000,0.0000,0.0000,0.0000,1.0230,0.0000,4.5000,0.0000,0.0000,0.0000,0.0000,0.0000,0.0000,0.0000,0.0000,0.0000,0.0000,0.0000,0.0000,0.0000,0.6939,7.7904,0.0000,0.0000,0.0000,0.0000
Uganda,UGA,2020,0.6391,0.5220,0.5950,0.7470,0.6924,,,,,,,,,,,,,,,,,,,,,,,,,,,,,,,,,,,,,,,,,,,,,,,
Uganda,UGA,2022,0.8584,0.8888,0.8806,0.9166,0.7477,12.0000,12.0000,12.0000,12.0000,6.0000,6.0000,6.0000,6.0000,6.0000,6.0000,12.0000,9.0000,6.0000,9.0000,0.0000,2.9664,9.0000,6.2028,4.5000,9.0000,9.0000,9.0000,9.0000,9.0000,9.0000,2.4546,4.5000,4.5000,6.0000,6.0000,4.5000,12.0000,12.0000,6.0000,6.0000,6.0000,6.0000,6.0000,1.0000,1.0000,6.0000,8.3977,6.7572,12.0000,6.0000,12.0000,4.5000
Ukraine,UKR,2020,0.5333,0.4302,0.5759,0.4524,0.6747,,,,,,,,,,,,,,,,,,,,,,,,,,,,,,,,,,,,,,,,,,,,,,,
Ukraine,UKR,2022,0.7675,0.6902,0.9687,0.6626,0.7485,0.0000,0.0000,12.0000,12.0000,6.0000,6.0000,6.0000,6.0000,3.0000,6.0000,12.0000,9.0000,6.0000,0.0000,0.0000,8.7240,9.0000,9.7776,9.0000,9.0000,9.0000,9.0000,9.0000,9.0000,9.0000,3.6138,4.5000,4.5000,6.0000,0.0000,4.5000,12.0000,12.0000,9.0000,12.0000,6.0000,6.0000,6.0000,1.0000,1.0000,9.0000,7.9115,10.4028,12.0000,0.0000,12.0000,4.5000
United Arab Emirates,ARE,2020,0.7984,0.5954,0.9238,0.8810,0.7933,,,,,,,,,,,,,,,,,,,,,,,,,,,,,,,,,,,,,,,,,,,,,,,
United Arab Emirates,ARE,2022,0.9609,0.9225,0.9885,0.9762,0.9564,12.0000,12.0000,12.0000,12.0000,6.0000,6.0000,6.0000,6.0000,6.0000,6.0000,12.0000,9.0000,6.0000,0.0000,9.0000,11.1672,9.0000,10.8168,9.0000,9.0000,9.0000,9.0000,9.0000,9.0000,9.0000,4.7046,4.5000,4.5000,6.0000,6.0000,4.5000,12.0000,12.0000,9.0000,12.0000,6.0000,6.0000,3.0000,1.0000,1.0000,9.0000,11.7674,10.4532,12.0000,12.0000,12.0000,4.5000
United Kingdom,GBR,2020,0.9176,0.8767,0.8930,0.9732,0.9275,,,,,,,,,,,,,,,,,,,,,,,,,,,,,,,,,,,,,,,,,,,,,,,
United Kingdom,GBR,2022,0.8400,0.6750,0.9673,0.9399,0.7776,12.0000,0.0000,6.0000,0.0000,6.0000,6.0000,6.0000,6.0000,6.0000,6.0000,12.0000,9.0000,6.0000,0.0000,9.0000,11.0232,9.0000,10.6308,9.0000,9.0000,9.0000,9.0000,9.0000,9.0000,9.0000,5.7270,4.5000,4.5000,6.0000,6.0000,4.5000,12.0000,12.0000,9.0000,12.0000,6.0000,6.0000,6.0000,0.0000,0.0000,9.0000,11.9448,11.2428,6.0000,12.0000,6.0000,4.5000
United States of America,USA,2020,0.8822,0.8060,0.9849,0.9583,0.7794,,,,,,,,,,,,,,,,,,,,,,,,,,,,,,,,,,,,,,,,,,,,,,,
United States of America,USA,2022,0.7661,0.7660,0.8851,0.5863,0.8270,12.0000,12.0000,12.0000,12.0000,6.0000,6.0000,6.0000,6.0000,6.0000,6.0000,12.0000,9.0000,6.0000,0.0000,4.5000,10.6488,9.0000,11.1648,9.0000,9.0000,9.0000,9.0000,9.0000,9.0000,9.0000,5.4546,4.5000,4.5000,0.0000,6.0000,4.5000,12.0000,12.0000,6.0000,12.0000,6.0000,6.0000,6.0000,0.0000,0.0000,6.0000,12.0000,11.1312,12.0000,12.0000,12.0000,4.5000
Uruguay,URY,2020,0.8730,0.8723,0.8594,0.9226,0.8378,,,,,,,,,,,,,,,,,,,,,,,,,,,,,,,,,,,,,,,,,,,,,,,
Uruguay,URY,2022,0.8613,0.8776,0.9531,0.8265,0.7881,12.0000,12.0000,12.0000,12.0000,6.0000,6.0000,6.0000,6.0000,6.0000,6.0000,12.0000,9.0000,6.0000,9.0000,9.0000,10.2516,9.0000,9.1692,9.0000,9.0000,9.0000,9.0000,9.0000,9.0000,9.0000,3.5454,4.5000,4.5000,6.0000,6.0000,4.5000,12.0000,12.0000,9.0000,12.0000,6.0000,6.0000,6.0000,1.0000,1.0000,9.0000,9.0185,10.7760,6.0000,12.0000,12.0000,0.0000
Uzbekistan,UZB,2020,0.6173,0.4217,0.7950,0.5565,0.6961,,,,,,,,,,,,,,,,,,,,,,,,,,,,,,,,,,,,,,,,,,,,,,,
Uzbekistan,UZB,2022,0.8134,0.7938,0.9508,0.5446,0.9646,6.0000,6.0000,6.0000,12.0000,6.0000,6.0000,6.0000,6.0000,6.0000,6.0000,12.0000,9.0000,3.0000,4.5000,4.5000,7.8900,9.0000,8.9280,9.0000,9.0000,9.0000,9.0000,9.0000,9.0000,9.0000,3.6816,4.5000,4.5000,6.0000,0.0000,0.0000,12.0000,12.0000,9.0000,12.0000,6.0000,6.0000,6.0000,1.0000,1.0000,9.0000,8.5336,9.3336,12.0000,12.0000,12.0000,4.5000
Vanuatu,VUT,2020,0.3004,0.2742,0.3339,0.4524,0.1411,,,,,,,,,,,,,,,,,,,,,,,,,,,,,,,,,,,,,,,,,,,,,,,
Vanuatu,VUT,2022,0.3414,0.4163,0.4959,0.1568,0.2966,6.0000,6.0000,6.0000,0.0000,6.0000,3.0000,6.0000,6.0000,6.0000,0.0000,12.0000,4.5000,6.0000,0.0000,0.0000,5.6724,0.0000,5.0736,4.5000,0.0000,4.5000,0.0000,9.0000,9.0000,9.0000,2.0454,4.5000,0.0000,0.0000,0.0000,0.0000,6.0000,6.0000,3.0000,6.0000,6.0000,3.0000,3.0000,1.0000,1.0000,3.0000,1.5461,7.2108,0.0000,0.0000,0.0000,0.0000
"Venezuela, RB",VEN,2020,0.3838,0.4458,0.3765,0.2262,0.4866,,,,,,,,,,,,,,,,,,,,,,,,,,,,,,,,,,,,,,,,,,,,,,,
"Venezuela, RB",VEN,2022,0.2857,0.3774,0.4434,0.1330,0.1889,0.0000,0.0000,6.0000,0.0000,6.0000,6.0000,6.0000,6.0000,6.0000,6.0000,12.0000,4.5000,6.0000,0.0000,4.5000,4.7076,0.0000,3.6672,0.0000,9.0000,9.0000,9.0000,0.0000,9.0000,0.0000,0.7500,0.0000,4.5000,0.0000,0.0000,0.0000,0.0000,6.0000,6.0000,0.0000,0.0000,3.0000,0.0000,1.0000,1.0000,6.0000,3.2470,9.8172,0.0000,0.0000,0.0000,0.0000
Vietnam,VNM,2020,0.6927,0.6473,0.6151,0.6548,0.8536,,,,,,,,,,,,,,,,,,,,,,,,,,,,,,,,,,,,,,,,,,,,,,,
Vietnam,VNM,2022,0.6818,0.8040,0.7600,0.3982,0.7649,6.0000,12.0000,12.0000,12.0000,6.0000,6.0000,6.0000,6.0000,0.0000,6.0000,12.0000,9.0000,6.0000,9.0000,9.0000,8.3676,9.0000,7.7808,4.5000,9.0000,9.0000,9.0000,9.0000,0.0000,9.0000,3.2046,0.0000,4.5000,6.0000,0.0000,0.0000,12.0000,12.0000,9.0000,6.0000,6.0000,6.0000,6.0000,1.0000,1.0000,9.0000,11.3462,8.2836,12.0000,0.0000,12.0000,4.5000
West Bank and Gaza,WBG,2022,0.3919,0.5455,0.5495,0.3196,0.1531,12.0000,0.0000,12.0000,12.0000,6.0000,6.0000,6.0000,6.0000,6.0000,6.0000,0.0000,0.0000,6.0000,9.0000,0.0000,-,0.0000,-,4.5000,9.0000,4.5000,9.0000,0.0000,0.0000,9.0000,-,0.0000,4.5000,0.0000,6.0000,0.0000,12.0000,0.0000,0.0000,6.0000,0.0000,0.0000,0.0000,1.0000,1.0000,0.0000,3.0219,-,0.0000,0.0000,0.0000,0.0000
Yemen,YEM,2020,0.2135,0.2595,0.3781,0.0774,0.1391,,,,,,,,,,,,,,,,,,,,,,,,,,,,,,,,,,,,,,,,,,,,,,,
Yemen,YEM,2022,0.2253,0.3498,0.1900,0.1314,0.2301,0.0000,0.0000,0.0000,0.0000,6.0000,6.0000,6.0000,6.0000,6.0000,6.0000,12.0000,9.0000,6.0000,0.0000,0.0000,2.0052,0.0000,4.0716,0.0000,9.0000,0.0000,0.0000,0.0000,4.5000,0.0000,1.1592,0.0000,0.0000,0.0000,6.0000,0.0000,6.0000,0.0000,0.0000,0.0000,6.0000,0.0000,0.0000,1.0000,1.0000,9.0000,0.0000,4.3596,0.0000,0.0000,12.0000,0.0000
Zambia,ZMB,2020,0.4081,0.3416,0.5978,0.3482,0.3450,,,,,,,,,,,,,,,,,,,,,,,,,,,,,,,,,,,,,,,,,,,,,,,
Zambia,ZMB,2022,0.5537,0.6530,0.7068,0.3073,0.5477,12.0000,6.0000,6.0000,12.0000,6.0000,3.0000,6.0000,6.0000,6.0000,6.0000,12.0000,9.0000,6.0000,0.0000,0.0000,4.6908,0.0000,5.2968,9.0000,9.0000,9.0000,9.0000,4.5000,9.0000,0.0000,2.2500,0.0000,4.5000,0.0000,6.0000,0.0000,12.0000,6.0000,9.0000,12.0000,0.0000,6.0000,3.0000,1.0000,1.0000,3.0000,8.2652,8.0928,6.0000,0.0000,12.0000,0.0000
Zimbabwe,ZWE,2020,0.3897,0.3202,0.7686,0.1964,0.2735,,,,,,,,,,,,,,,,,,,,,,,,,,,,,,,,,,,,,,,,,,,,,,,
Zimbabwe,ZWE,2022,0.4603,0.4593,0.4865,0.1626,0.7327,6.0000,0.0000,0.0000,0.0000,6.0000,0.0000,6.0000,6.0000,6.0000,6.0000,12.0000,9.0000,6.0000,9.0000,0.0000,4.6116,0.0000,4.6140,4.5000,9.0000,9.0000,9.0000,0.0000,0.0000,0.0000,1.3638,0.0000,4.5000,0.0000,0.0000,0.0000,12.0000,12.0000,0.0000,6.0000,6.0000,6.0000,6.0000,1.0000,1.0000,0.0000,4.3791,7.7556,12.0000,6.0000,12.0000,4.5000
